time,sm_root_10cm,sm_tree_above,temp_root_10cm,temp_tree_above
2026-02-20 07:00:00,0.324,0.37,5.9,10.6
2026-02-20 08:00:00,0.325,0.374,5.5,9.1
2026-02-20 09:00:00,0.326,0.377,5.6,8
2026-02-20 10:00:00,0.326,0.378,5.6,7.2
2026-02-20 11:00:00,0.326,0.379,5.6,6.5
2026-02-20 12:00:00,0.326,0.38,5.5,5.9
2026-02-20 13:00:00,0.326,0.38,5.5,5.5
2026-02-20 14:00:00,0.327,0.38,5.4,5.2
2026-02-20 15:00:00,0.327,0.381,5.4,4.6
2026-02-20 16:00:00,0.327,0.381,5.3,4.1
2026-02-20 17:00:00,0.327,0.381,5.3,4
2026-02-20 18:00:00,0.327,0.382,5.2,3.7
2026-02-20 19:00:00,0.327,0.382,5.2,3.2
2026-02-20 20:00:00,0.327,0.382,5.1,2.8
2026-02-20 21:00:00,0.327,0.382,5,2.6
2026-02-20 22:00:00,0.327,0.382,5,2.2
2026-02-20 23:00:00,0.327,0.382,4.9,2.7
2026-02-21 00:00:00,0.327,0.382,4.9,3.9
2026-02-21 01:00:00,0.327,0.382,4.9,6.6
2026-02-21 02:00:00,0.327,0.382,5,9.4
2026-02-21 03:00:00,0.327,0.383,5.3,10.8
2026-02-21 04:00:00,0.327,0.383,5.5,12
2026-02-21 05:00:00,0.327,0.384,5.7,12.8
2026-02-21 06:00:00,0.327,0.384,6,13
2026-02-21 07:00:00,0.327,0.384,6.2,12.8
2026-02-21 08:00:00,0.327,0.384,6.4,12.1
2026-02-21 09:00:00,0.327,0.384,6.5,11.1
2026-02-21 10:00:00,0.326,0.383,6.5,10.3
2026-02-21 11:00:00,0.326,0.383,6.6,9.3
2026-02-21 12:00:00,0.327,0.383,6.5,8.7
2026-02-21 13:00:00,0.326,0.383,6.5,8.3
2026-02-21 14:00:00,0.326,0.383,6.4,8.1
2026-02-21 15:00:00,0.326,0.383,6.4,8
2026-02-21 16:00:00,0.326,0.383,6.3,7.9
2026-02-21 17:00:00,0.326,0.383,6.3,8.3
2026-02-21 18:00:00,0.326,0.382,6.3,8.7
2026-02-21 19:00:00,0.326,0.382,6.3,9.4
2026-02-21 20:00:00,0.326,0.382,6.4,9.9
2026-02-21 21:00:00,0.326,0.382,6.4,10.2
2026-02-21 22:00:00,0.326,0.382,6.5,10.4
2026-02-21 23:00:00,0.326,0.382,6.7,11.1
2026-02-22 00:00:00,0.326,0.382,6.8,11.9
2026-02-22 01:00:00,0.326,0.382,7,12.4
2026-02-22 02:00:00,0.326,0.382,7.2,12.1
2026-02-22 03:00:00,0.326,0.382,7.3,12
2026-02-22 04:00:00,0.326,0.382,7.5,12.2
2026-02-22 05:00:00,0.326,0.382,7.6,11.7
2026-02-22 06:00:00,0.326,0.382,7.7,11
2026-02-22 07:00:00,0.326,0.382,7.7,10.1
2026-02-22 08:00:00,0.326,0.383,7.6,8.6
2026-02-22 09:00:00,0.326,0.382,7.5,7.1
2026-02-22 10:00:00,0.326,0.382,7.3,5.9
2026-02-22 11:00:00,0.326,0.382,7.1,5
2026-02-22 12:00:00,0.326,0.382,6.9,4.4
2026-02-22 13:00:00,0.326,0.383,6.7,4
2026-02-22 14:00:00,0.326,0.383,6.5,3.7
2026-02-22 15:00:00,0.326,0.383,6.3,3.3
2026-02-22 16:00:00,0.326,0.383,6.2,3.1
2026-02-22 17:00:00,0.326,0.383,6,3.1
2026-02-22 18:00:00,0.326,0.383,5.9,2.6
2026-02-22 19:00:00,0.326,0.383,5.8,2.2
2026-02-22 20:00:00,0.326,0.384,5.7,1.7
2026-02-22 21:00:00,0.326,0.384,5.5,1.3
2026-02-22 22:00:00,0.326,0.384,5.4,1
2026-02-22 23:00:00,0.327,0.384,5.3,1.5
2026-02-23 00:00:00,0.327,0.384,5.2,2.3
2026-02-23 01:00:00,0.327,0.384,5.2,3.8
2026-02-23 02:00:00,0.327,0.384,5.2,5.5
2026-02-23 03:00:00,0.327,0.384,5.2,7.1
2026-02-23 04:00:00,0.327,0.384,5.3,8.5
2026-02-23 05:00:00,0.326,0.384,5.4,8.4
2026-02-23 06:00:00,0.326,0.384,5.5,8.9
2026-02-23 07:00:00,0.326,0.384,5.6,8.5
2026-02-23 08:00:00,0.326,0.384,5.7,7.5
2026-02-23 09:00:00,0.326,0.384,5.7,5.9
2026-02-23 10:00:00,0.326,0.384,5.6,4.7
2026-02-23 11:00:00,0.326,0.384,5.5,4.1
2026-02-23 12:00:00,0.326,0.384,5.5,3.5
2026-02-23 13:00:00,0.326,0.384,5.4,2.9
2026-02-23 14:00:00,0.326,0.384,5.3,3.1
2026-02-23 15:00:00,0.326,0.384,5.2,2.9
2026-02-23 16:00:00,0.326,0.384,5.2,2.7
2026-02-23 17:00:00,0.326,0.384,5.1,2.9
2026-02-23 18:00:00,0.326,0.384,5.1,3
2026-02-23 19:00:00,0.327,0.384,5,3.1
2026-02-23 20:00:00,0.327,0.384,5,3.3
2026-02-23 21:00:00,0.326,0.384,5,3.7
2026-02-23 22:00:00,0.326,0.384,5,3.8
2026-02-23 23:00:00,0.326,0.384,5,3.7
2026-02-24 00:00:00,0.326,0.384,5,4
2026-02-24 01:00:00,0.327,0.384,5,3
2026-02-24 02:00:00,0.327,0.387,4.9,2.6
2026-02-24 03:00:00,0.329,0.393,4.9,2.6
2026-02-24 04:00:00,0.336,0.398,4.8,2.8
2026-02-24 05:00:00,0.356,0.398,4.8,3
2026-02-24 06:00:00,0.368,0.398,4.8,3.2
2026-02-24 07:00:00,0.371,0.399,4.9,3.3
2026-02-24 08:00:00,0.372,0.399,5,3.5
2026-02-24 09:00:00,0.372,0.399,5,3.4
2026-02-24 10:00:00,0.371,0.399,5,3.3
2026-02-24 11:00:00,0.369,0.399,5,3.2
2026-02-24 12:00:00,0.368,0.398,5.1,2.6
2026-02-24 13:00:00,0.367,0.398,5,2
2026-02-24 14:00:00,0.366,0.397,5,1.6
2026-02-24 15:00:00,0.364,0.396,4.9,1.5
2026-02-24 16:00:00,0.363,0.396,4.8,1.2
2026-02-24 17:00:00,0.363,0.395,4.8,1
2026-02-24 18:00:00,0.362,0.394,4.7,0.7
2026-02-24 19:00:00,0.361,0.393,4.6,0.5
2026-02-24 20:00:00,0.36,0.393,4.6,0.6
2026-02-24 21:00:00,0.36,0.394,4.5,0.6
2026-02-24 22:00:00,0.359,0.394,4.5,0.5
2026-02-24 23:00:00,0.359,0.394,4.5,0.7
2026-02-25 00:00:00,0.358,0.394,4.5,1.3
2026-02-25 01:00:00,0.358,0.394,4.5,2.5
2026-02-25 02:00:00,0.357,0.396,4.6,3.8
2026-02-25 03:00:00,0.357,0.397,4.8,5
2026-02-25 04:00:00,0.356,0.397,5,6.8
2026-02-25 05:00:00,0.356,0.396,5.2,7.6
2026-02-25 06:00:00,0.355,0.394,5.4,8.6
2026-02-25 07:00:00,0.354,0.392,5.7,8.2
2026-02-25 08:00:00,0.354,0.391,5.9,7.7
2026-02-25 09:00:00,0.354,0.39,6,6.7
2026-02-25 10:00:00,0.353,0.389,6,5.8
2026-02-25 11:00:00,0.353,0.388,6,5.4
2026-02-25 12:00:00,0.353,0.387,5.9,4.9
2026-02-25 13:00:00,0.353,0.387,5.8,4.3
2026-02-25 14:00:00,0.352,0.387,5.8,4
2026-02-25 15:00:00,0.352,0.386,5.7,3.8
2026-02-25 16:00:00,0.352,0.386,5.6,3.7
2026-02-25 17:00:00,0.352,0.386,5.5,2.8
2026-02-25 18:00:00,0.352,0.386,5.4,2.3
2026-02-25 19:00:00,0.351,0.386,5.3,2.3
2026-02-25 20:00:00,0.351,0.386,5.3,2.4
2026-02-25 21:00:00,0.351,0.386,5.2,2.2
2026-02-25 22:00:00,0.351,0.386,5.1,2.1
2026-02-25 23:00:00,0.351,0.385,5.1,2.4
2026-02-26 00:00:00,0.351,0.386,5,3.3
2026-02-26 01:00:00,0.351,0.386,5,4.9
2026-02-26 02:00:00,0.35,0.386,5.1,6.7
2026-02-26 03:00:00,0.35,0.386,5.3,8
2026-02-26 04:00:00,0.35,0.386,5.6,8.9
2026-02-26 05:00:00,0.349,0.386,5.8,9.5
2026-02-26 06:00:00,0.349,0.386,6.1,9.4
2026-02-26 07:00:00,0.349,0.386,6.3,9.1
2026-02-26 08:00:00,0.349,0.386,6.4,9
2026-02-26 09:00:00,0.349,0.386,6.5,8.5
2026-02-26 10:00:00,0.348,0.386,6.6,8.2
2026-02-26 11:00:00,0.348,0.386,6.6,7.9
2026-02-26 12:00:00,0.348,0.385,6.6,7.6
2026-02-26 13:00:00,0.348,0.385,6.6,7.7
2026-02-26 14:00:00,0.348,0.385,6.6,7.7
2026-02-26 15:00:00,0.348,0.385,6.6,7.7
2026-02-26 16:00:00,0.348,0.385,6.6,7.1
2026-02-26 17:00:00,0.348,0.387,6.6,6.7
2026-02-26 18:00:00,0.349,0.388,6.6,6.6
2026-02-26 19:00:00,0.35,0.391,6.6,6.6
2026-02-26 20:00:00,0.352,0.396,6.6,6.6
2026-02-26 21:00:00,0.353,0.397,6.6,6.7
2026-02-26 22:00:00,0.353,0.396,6.6,6.7
2026-02-26 23:00:00,0.353,0.396,6.6,6.9
2026-02-27 00:00:00,0.353,0.396,6.6,7.3
2026-02-27 01:00:00,0.352,0.396,6.6,8.1
2026-02-27 02:00:00,0.352,0.395,6.8,8.7
2026-02-27 03:00:00,0.352,0.393,6.9,9.3
2026-02-27 04:00:00,0.351,0.391,7.1,9
2026-02-27 05:00:00,0.351,0.389,7.3,8.7
2026-02-27 06:00:00,0.351,0.387,7.4,8.7
2026-02-27 07:00:00,0.351,0.387,7.4,9.5
2026-02-27 08:00:00,0.351,0.386,7.5,9.4
2026-02-27 09:00:00,0.35,0.386,7.6,8.7
2026-02-27 10:00:00,0.35,0.386,7.6,7.8
2026-02-27 11:00:00,0.35,0.385,7.5,7.1
2026-02-27 12:00:00,0.35,0.385,7.4,6.5
2026-02-27 13:00:00,0.35,0.385,7.3,5.9
2026-02-27 14:00:00,0.35,0.385,7.2,5.6
2026-02-27 15:00:00,0.35,0.385,7.1,5.4
2026-02-27 16:00:00,0.35,0.385,7,4.7
2026-02-27 17:00:00,0.349,0.385,6.8,4.3
2026-02-27 18:00:00,0.349,0.385,6.7,4.1
2026-02-27 19:00:00,0.349,0.385,6.6,3.7
2026-02-27 20:00:00,0.349,0.385,6.5,3.3
2026-02-27 21:00:00,0.349,0.385,6.4,3
2026-02-27 22:00:00,0.349,0.385,6.3,2.6
2026-02-27 23:00:00,0.349,0.385,6.2,2.5
2026-02-28 00:00:00,0.349,0.385,6.1,3.7
2026-02-28 01:00:00,0.349,0.385,6.1,5.6
2026-02-28 02:00:00,0.348,0.385,6.1,7.5
2026-02-28 03:00:00,0.348,0.385,6.2,8.7
2026-02-28 04:00:00,0.348,0.386,6.4,9.8
2026-02-28 05:00:00,0.348,0.386,6.6,10.7
2026-02-28 06:00:00,0.348,0.386,6.7,11
2026-02-28 07:00:00,0.347,0.386,6.9,10.9
2026-02-28 08:00:00,0.347,0.386,7.1,10
2026-02-28 09:00:00,0.347,0.386,7.2,8.9
2026-02-28 10:00:00,0.347,0.385,7.2,8.2
2026-02-28 11:00:00,0.347,0.385,7.1,8
2026-02-28 12:00:00,0.347,0.385,7.1,7.4
2026-02-28 13:00:00,0.347,0.385,7.1,7.3
2026-02-28 14:00:00,0.346,0.384,7,6.7
2026-02-28 15:00:00,0.346,0.384,6.9,6.5
2026-02-28 16:00:00,0.346,0.384,6.9,6.1
2026-02-28 17:00:00,0.346,0.384,6.8,5.9
2026-02-28 18:00:00,0.346,0.384,6.7,5.5
2026-02-28 19:00:00,0.346,0.384,6.7,5.6
2026-02-28 20:00:00,0.346,0.384,6.6,5.3
2026-02-28 21:00:00,0.346,0.384,6.5,5.1
2026-02-28 22:00:00,0.346,0.385,6.5,4.9
2026-02-28 23:00:00,0.346,0.385,6.4,5.1
2026-03-01 00:00:00,0.346,0.385,6.4,6.1
2026-03-01 01:00:00,0.346,0.385,6.4,7.4
2026-03-01 02:00:00,0.346,0.385,6.4,9.4
2026-03-01 03:00:00,0.345,0.385,6.6,10.5
2026-03-01 04:00:00,0.345,0.385,6.8,11.3
2026-03-01 05:00:00,0.345,0.385,7,11.9
2026-03-01 06:00:00,0.345,0.385,7.2,11.9
2026-03-01 07:00:00,0.345,0.385,7.4,11.4
2026-03-01 08:00:00,0.345,0.384,7.6,10.9
2026-03-01 09:00:00,0.344,0.384,7.6,10.4
2026-03-01 10:00:00,0.344,0.384,7.6,10
2026-03-01 11:00:00,0.344,0.384,7.6,9.7
2026-03-01 12:00:00,0.344,0.384,7.6,9.6
2026-03-01 13:00:00,0.344,0.384,7.6,9.5
2026-03-01 14:00:00,0.344,0.384,7.6,8.7
2026-03-01 15:00:00,0.344,0.385,7.6,8
2026-03-01 16:00:00,0.346,0.386,7.6,7.3
2026-03-01 17:00:00,0.348,0.387,7.5,6.9
2026-03-01 18:00:00,0.352,0.395,7.4,6.7
2026-03-01 19:00:00,0.357,0.397,7.4,6.6
2026-03-01 20:00:00,0.361,0.397,7.3,6.6
2026-03-01 21:00:00,0.365,0.398,7.3,6.6
2026-03-01 22:00:00,0.368,0.398,7.2,6.6
2026-03-01 23:00:00,0.369,0.398,7.2,6.7
2026-03-02 00:00:00,0.369,0.398,7.2,7
2026-03-02 01:00:00,0.369,0.398,7.2,7.6
2026-03-02 02:00:00,0.368,0.398,7.3,7.9
2026-03-02 03:00:00,0.367,0.398,7.4,8.2
2026-03-02 04:00:00,0.366,0.398,7.5,8.4
2026-03-02 05:00:00,0.366,0.399,7.6,8.5
2026-03-02 06:00:00,0.367,0.399,7.7,8.5
2026-03-02 07:00:00,0.374,0.399,7.8,8.2
2026-03-02 08:00:00,0.379,0.399,7.9,7.7
2026-03-02 09:00:00,0.382,0.399,7.9,7.1
2026-03-02 10:00:00,0.381,0.399,7.8,6.8
2026-03-02 11:00:00,0.383,0.4,7.7,6.6
2026-03-02 12:00:00,0.383,0.399,7.7,6.5
2026-03-02 13:00:00,0.381,0.399,7.6,6.6
2026-03-02 14:00:00,0.38,0.399,7.6,6.7
2026-03-02 15:00:00,0.378,0.399,7.5,6.7
2026-03-02 16:00:00,0.376,0.399,7.5,6.6
2026-03-02 17:00:00,0.374,0.399,7.5,6.6
2026-03-02 18:00:00,0.372,0.399,7.4,6.4
2026-03-02 19:00:00,0.371,0.398,7.4,6.4
2026-03-02 20:00:00,0.37,0.398,7.4,6.3
2026-03-02 21:00:00,0.369,0.397,7.4,6.2
2026-03-02 22:00:00,0.368,0.396,7.3,6.1
2026-03-02 23:00:00,0.367,0.395,7.3,5.7
2026-03-03 00:00:00,0.366,0.394,7.3,6.2
2026-03-03 01:00:00,0.366,0.394,7.3,7
2026-03-03 02:00:00,0.365,0.393,7.3,7.9
2026-03-03 03:00:00,0.364,0.392,7.4,8.9
2026-03-03 04:00:00,0.364,0.391,7.6,9.7
2026-03-03 05:00:00,0.363,0.39,7.7,10
2026-03-03 06:00:00,0.363,0.389,7.9,10.1
2026-03-03 07:00:00,0.362,0.389,8.1,9.4
2026-03-03 08:00:00,0.362,0.388,8.2,8.8
2026-03-03 09:00:00,0.361,0.387,8.2,8
2026-03-03 10:00:00,0.361,0.387,8.1,7.4
2026-03-03 11:00:00,0.36,0.386,8,6.8
2026-03-03 12:00:00,0.36,0.386,7.9,6.6
2026-03-03 13:00:00,0.36,0.386,7.8,6.3
2026-03-03 14:00:00,0.359,0.386,7.7,5.8
2026-03-03 15:00:00,0.359,0.386,7.6,5.3
2026-03-03 16:00:00,0.359,0.385,7.5,4.9
2026-03-03 17:00:00,0.359,0.385,7.3,4.6
2026-03-03 18:00:00,0.358,0.385,7.2,4.1
2026-03-03 19:00:00,0.358,0.385,7.1,3.8
2026-03-03 20:00:00,0.358,0.385,7,3.5
2026-03-03 21:00:00,0.358,0.385,6.9,3.2
2026-03-03 22:00:00,0.358,0.385,6.8,3.1
2026-03-03 23:00:00,0.358,0.385,6.7,3.2
2026-03-04 00:00:00,0.357,0.385,6.6,4
2026-03-04 01:00:00,0.357,0.386,6.6,5.5
2026-03-04 02:00:00,0.357,0.386,6.6,7.1
2026-03-04 03:00:00,0.357,0.386,6.7,8.2
2026-03-04 04:00:00,0.357,0.386,6.8,9
2026-03-04 05:00:00,0.356,0.386,6.9,9.8
2026-03-04 06:00:00,0.356,0.386,7.1,10.2
2026-03-04 07:00:00,0.356,0.386,7.2,9.8
2026-03-04 08:00:00,0.356,0.386,7.3,9.2
2026-03-04 09:00:00,0.355,0.386,7.3,8.2
2026-03-04 10:00:00,0.355,0.386,7.3,7
2026-03-04 11:00:00,0.355,0.385,7.2,6.2
2026-03-04 12:00:00,0.355,0.385,7.1,5.6
2026-03-04 13:00:00,0.355,0.385,7,5.1
2026-03-04 14:00:00,0.355,0.385,6.9,4.7
2026-03-04 15:00:00,0.355,0.385,6.8,4.3
2026-03-04 16:00:00,0.355,0.385,6.7,3.9
2026-03-04 17:00:00,0.354,0.385,6.6,3.8
2026-03-04 18:00:00,0.354,0.385,6.5,3.4
2026-03-04 19:00:00,0.354,0.385,6.4,3.2
2026-03-04 20:00:00,0.354,0.385,6.4,2.8
2026-03-04 21:00:00,0.354,0.385,6.3,2.5
2026-03-04 22:00:00,0.354,0.385,6.2,2.6
2026-03-04 23:00:00,0.354,0.385,6.1,3.1
2026-03-05 00:00:00,0.354,0.385,6,4.4
2026-03-05 01:00:00,0.354,0.386,6.1,6.6
2026-03-05 02:00:00,0.354,0.386,6.2,8.9
2026-03-05 03:00:00,0.354,0.386,6.4,10.6
2026-03-05 04:00:00,0.353,0.386,6.7,11.4
2026-03-05 05:00:00,0.353,0.386,7,11.3
2026-03-05 06:00:00,0.353,0.386,7.2,11.6
2026-03-05 07:00:00,0.353,0.386,7.5,11.6
2026-03-05 08:00:00,0.352,0.386,7.7,10.7
2026-03-05 09:00:00,0.352,0.385,7.7,9.4
2026-03-05 10:00:00,0.352,0.385,7.8,8.6
2026-03-05 11:00:00,0.352,0.385,7.8,7.9
2026-03-05 12:00:00,0.353,0.385,7.7,7.4
2026-03-05 13:00:00,0.353,0.385,7.7,6.8
2026-03-05 14:00:00,0.353,0.385,7.6,6
2026-03-05 15:00:00,0.354,0.385,7.5,5.4
2026-03-05 16:00:00,0.356,0.389,7.4,5
2026-03-05 17:00:00,0.357,0.394,7.3,4.3
2026-03-05 18:00:00,0.358,0.395,7.1,3.9
2026-03-05 19:00:00,0.359,0.395,7,3.5
2026-03-05 20:00:00,0.359,0.395,6.9,2.9
2026-03-05 21:00:00,0.359,0.394,6.8,2.4
2026-03-05 22:00:00,0.359,0.393,6.6,2.4
2026-03-05 23:00:00,0.359,0.392,6.5,2.8
2026-03-06 00:00:00,0.359,0.391,6.4,3.5
2026-03-06 01:00:00,0.359,0.39,6.4,4.2
2026-03-06 02:00:00,0.358,0.39,6.5,5.1
2026-03-06 03:00:00,0.358,0.389,6.6,5.4
2026-03-06 04:00:00,0.358,0.388,6.7,6
2026-03-06 05:00:00,0.358,0.388,6.8,6.1
2026-03-06 06:00:00,0.358,0.388,6.9,5.8
2026-03-06 07:00:00,0.358,0.388,7,4.9
2026-03-06 08:00:00,0.357,0.387,6.9,4.2
2026-03-06 09:00:00,0.357,0.387,6.9,3.6
2026-03-06 10:00:00,0.357,0.387,6.7,3
2026-03-06 11:00:00,0.357,0.387,6.6,2.8
2026-03-06 12:00:00,0.357,0.387,6.4,2.6
2026-03-06 13:00:00,0.357,0.387,6.3,2.3
2026-03-06 14:00:00,0.357,0.387,6.1,2.2
2026-03-06 15:00:00,0.357,0.387,6,2
2026-03-06 16:00:00,0.357,0.387,5.9,1.9
2026-03-06 17:00:00,0.357,0.386,5.8,1.8
2026-03-06 18:00:00,0.357,0.387,5.7,1.7
2026-03-06 19:00:00,0.357,0.387,5.6,1.4
2026-03-06 20:00:00,0.357,0.387,5.6,1
2026-03-06 21:00:00,0.357,0.386,5.4,0.9
2026-03-06 22:00:00,0.357,0.386,5.3,1.1
2026-03-06 23:00:00,0.356,0.386,5.3,1.6
2026-03-07 00:00:00,0.356,0.387,5.3,2.2
2026-03-07 01:00:00,0.356,0.387,5.3,2.7
2026-03-07 02:00:00,0.356,0.387,5.3,3.6
2026-03-07 03:00:00,0.356,0.387,5.3,4
2026-03-07 04:00:00,0.356,0.387,5.3,4.3
2026-03-07 05:00:00,0.356,0.387,5.3,4.4
2026-03-07 06:00:00,0.356,0.387,5.3,4.5
2026-03-07 07:00:00,0.355,0.387,5.3,4.1
2026-03-07 08:00:00,0.355,0.387,5.3,3.4
2026-03-07 09:00:00,0.355,0.387,5.2,2.5
2026-03-07 10:00:00,0.355,0.386,5.2,1.7
2026-03-07 11:00:00,0.355,0.386,5.1,1.1
2026-03-07 12:00:00,0.355,0.386,5,0.5
2026-03-07 13:00:00,0.355,0.386,4.9,0.1
2026-03-07 14:00:00,0.355,0.386,4.8,-0.2
2026-03-07 15:00:00,0.355,0.386,4.7,-0.4
2026-03-07 16:00:00,0.355,0.387,4.6,-0.8
2026-03-07 17:00:00,0.355,0.387,4.5,-1.1
2026-03-07 18:00:00,0.355,0.387,4.4,-1.2
2026-03-07 19:00:00,0.355,0.387,4.3,-1.8
2026-03-07 20:00:00,0.355,0.388,4.3,-2.2
2026-03-07 21:00:00,0.355,0.384,4.2,-2.2
2026-03-07 22:00:00,0.355,0.381,4.1,-1.8
2026-03-07 23:00:00,0.355,0.38,4,-1.4
2026-03-08 00:00:00,0.355,0.379,4,-0.6
2026-03-08 01:00:00,0.355,0.381,4,0.6
2026-03-08 02:00:00,0.354,0.384,4,2.1
2026-03-08 03:00:00,0.354,0.387,4,2.9
2026-03-08 04:00:00,0.354,0.387,4.2,4.2
2026-03-08 05:00:00,0.354,0.387,4.3,5.1
2026-03-08 06:00:00,0.354,0.387,4.5,5.1
2026-03-08 07:00:00,0.354,0.387,4.6,5
2026-03-08 08:00:00,0.353,0.387,4.7,4.4
2026-03-08 09:00:00,0.353,0.387,4.8,3.7
2026-03-08 10:00:00,0.353,0.386,4.8,2.7
2026-03-08 11:00:00,0.353,0.386,4.8,2
2026-03-08 12:00:00,0.353,0.386,4.7,1.6
2026-03-08 13:00:00,0.353,0.386,4.6,1.2
2026-03-08 14:00:00,0.353,0.386,4.5,0.9
2026-03-08 15:00:00,0.353,0.386,4.5,0.6
2026-03-08 16:00:00,0.353,0.386,4.4,0.5
2026-03-08 17:00:00,0.353,0.386,4.3,0.2
2026-03-08 18:00:00,0.353,0.386,4.3,0
2026-03-08 19:00:00,0.353,0.386,4.2,-0.1
2026-03-08 20:00:00,0.353,0.386,4.1,-0
2026-03-08 21:00:00,0.353,0.386,4.1,0.1
2026-03-08 22:00:00,0.353,0.386,4.1,0.6
2026-03-08 23:00:00,0.353,0.386,4.1,1.1
2026-03-09 00:00:00,0.353,0.386,4.1,1.5
2026-03-09 01:00:00,0.353,0.386,4.2,2.2
2026-03-09 02:00:00,0.352,0.386,4.3,3.6
2026-03-09 03:00:00,0.352,0.386,4.4,5.3
2026-03-09 04:00:00,0.352,0.386,4.6,6
2026-03-09 05:00:00,0.352,0.387,4.7,6.5
2026-03-09 06:00:00,0.352,0.387,4.9,5.9
2026-03-09 07:00:00,0.352,0.387,4.9,5.3
2026-03-09 08:00:00,0.352,0.387,4.9,4.7
2026-03-09 09:00:00,0.351,0.386,4.9,3.9
2026-03-09 10:00:00,0.351,0.386,4.9,3.2
2026-03-09 11:00:00,0.351,0.386,4.8,2.7
2026-03-09 12:00:00,0.351,0.386,4.7,2.3
2026-03-09 13:00:00,0.351,0.386,4.7,1.8
2026-03-09 14:00:00,0.351,0.386,4.6,1.5
2026-03-09 15:00:00,0.351,0.386,4.5,1.2
2026-03-09 16:00:00,0.351,0.386,4.5,0.9
2026-03-09 17:00:00,0.351,0.386,4.4,0.1
2026-03-09 18:00:00,0.351,0.386,4.3,-0.2
2026-03-09 19:00:00,0.351,0.387,4.2,-0.5
2026-03-09 20:00:00,0.351,0.387,4.2,-0.9
2026-03-09 21:00:00,0.351,0.387,4.1,-1.2
2026-03-09 22:00:00,0.351,0.387,4,-1.4
2026-03-09 23:00:00,0.351,0.387,3.9,-1.1
2026-03-10 00:00:00,0.351,0.387,3.9,0
2026-03-10 01:00:00,0.351,0.386,3.9,2
2026-03-10 02:00:00,0.351,0.386,3.9,3.7
2026-03-10 03:00:00,0.351,0.386,4,5
2026-03-10 04:00:00,0.351,0.386,4.2,5.9
2026-03-10 05:00:00,0.351,0.386,4.3,6.8
2026-03-10 06:00:00,0.351,0.386,4.4,7.2
2026-03-10 07:00:00,0.35,0.387,4.6,6.5
2026-03-10 08:00:00,0.35,0.386,4.7,5.7
2026-03-10 09:00:00,0.35,0.386,4.7,4.8
2026-03-10 10:00:00,0.35,0.386,4.7,4
2026-03-10 11:00:00,0.35,0.386,4.7,3.4
2026-03-10 12:00:00,0.35,0.386,4.6,2.7
2026-03-10 13:00:00,0.35,0.386,4.6,2.1
2026-03-10 14:00:00,0.35,0.386,4.5,1.3
2026-03-10 15:00:00,0.35,0.386,4.4,0.8
2026-03-10 16:00:00,0.35,0.386,4.3,0.4
2026-03-10 17:00:00,0.35,0.386,4.3,0.1
2026-03-10 18:00:00,0.35,0.386,4.2,-0.2
2026-03-10 19:00:00,0.35,0.386,4.1,-0.5
2026-03-10 20:00:00,0.35,0.386,4,-0.8
2026-03-10 21:00:00,0.35,0.387,4,-0.9
2026-03-10 22:00:00,0.35,0.387,3.9,-1.1
2026-03-10 23:00:00,0.35,0.387,3.8,-0.6
2026-03-11 00:00:00,0.35,0.386,3.8,0.6
2026-03-11 01:00:00,0.35,0.386,3.8,2.6
2026-03-11 02:00:00,0.35,0.386,3.9,4.7
2026-03-11 03:00:00,0.35,0.386,4,6.2
2026-03-11 04:00:00,0.35,0.386,4.2,7.5
2026-03-11 05:00:00,0.349,0.386,4.4,7.7
2026-03-11 06:00:00,0.349,0.386,4.6,8.1
2026-03-11 07:00:00,0.349,0.386,4.8,7.8
2026-03-11 08:00:00,0.349,0.386,4.9,7.2
2026-03-11 09:00:00,0.349,0.386,5,6.1
2026-03-11 10:00:00,0.349,0.385,5.1,5.3
2026-03-11 11:00:00,0.349,0.385,5,4.8
2026-03-11 12:00:00,0.349,0.385,5,4.4
2026-03-11 13:00:00,0.349,0.385,5,4
2026-03-11 14:00:00,0.348,0.385,4.9,3.5
2026-03-11 15:00:00,0.349,0.385,4.9,3.3
2026-03-11 16:00:00,0.348,0.385,4.8,3
2026-03-11 17:00:00,0.348,0.385,4.8,2.6
2026-03-11 18:00:00,0.348,0.385,4.7,2.7
2026-03-11 19:00:00,0.348,0.386,4.7,2.5
2026-03-11 20:00:00,0.348,0.386,4.6,2.3
2026-03-11 21:00:00,0.348,0.386,4.6,2
2026-03-11 22:00:00,0.348,0.386,4.6,2
2026-03-11 23:00:00,0.348,0.386,4.5,2.6
2026-03-12 00:00:00,0.348,0.386,4.5,3.9
2026-03-12 01:00:00,0.348,0.386,4.5,5.5
2026-03-12 02:00:00,0.348,0.386,4.6,7
2026-03-12 03:00:00,0.348,0.386,4.8,8.1
2026-03-12 04:00:00,0.348,0.386,4.9,9
2026-03-12 05:00:00,0.348,0.386,5.1,9.2
2026-03-12 06:00:00,0.348,0.386,5.3,9.3
2026-03-12 07:00:00,0.347,0.386,5.5,8.8
2026-03-12 08:00:00,0.347,0.386,5.6,8.1
2026-03-12 09:00:00,0.347,0.386,5.7,7.2
2026-03-12 10:00:00,0.347,0.385,5.7,6.3
2026-03-12 11:00:00,0.347,0.385,5.7,5.6
2026-03-12 12:00:00,0.347,0.385,5.6,5
2026-03-12 13:00:00,0.347,0.385,5.6,4.6
2026-03-12 14:00:00,0.347,0.385,5.5,4.3
2026-03-12 15:00:00,0.347,0.385,5.4,3.8
2026-03-12 16:00:00,0.347,0.385,5.4,3.6
2026-03-12 17:00:00,0.347,0.385,5.3,3.4
2026-03-12 18:00:00,0.347,0.385,5.2,3.1
2026-03-12 19:00:00,0.347,0.385,5.2,2.9
2026-03-12 20:00:00,0.347,0.385,5.1,2.8
2026-03-12 21:00:00,0.347,0.386,5.1,2.7
2026-03-12 22:00:00,0.347,0.386,5,2.6
2026-03-12 23:00:00,0.347,0.386,4.9,3
2026-03-13 00:00:00,0.347,0.386,4.9,4.4
2026-03-13 01:00:00,0.347,0.386,4.9,6.1
2026-03-13 02:00:00,0.347,0.386,5,7.6
2026-03-13 03:00:00,0.347,0.386,5.1,8.9
2026-03-13 04:00:00,0.347,0.386,5.2,10
2026-03-13 05:00:00,0.347,0.386,5.4,10.5
2026-03-13 06:00:00,0.346,0.386,5.5,10.7
2026-03-13 07:00:00,0.346,0.386,5.7,10.1
2026-03-13 08:00:00,0.346,0.386,5.8,9.4
2026-03-13 09:00:00,0.346,0.386,5.9,8.4
2026-03-13 10:00:00,0.346,0.385,5.9,7.3
2026-03-13 11:00:00,0.346,0.385,5.9,6.4
2026-03-13 12:00:00,0.346,0.385,5.9,5.9
2026-03-13 13:00:00,0.346,0.385,5.8,5.3
2026-03-13 14:00:00,0.346,0.385,5.7,4.9
2026-03-13 15:00:00,0.346,0.385,5.7,4.2
2026-03-13 16:00:00,0.346,0.385,5.6,3.6
2026-03-13 17:00:00,0.346,0.385,5.5,3.1
2026-03-13 18:00:00,0.346,0.385,5.4,2.7
2026-03-13 19:00:00,0.346,0.385,5.3,2.6
2026-03-13 20:00:00,0.346,0.385,5.3,2.2
2026-03-13 21:00:00,0.346,0.386,5.2,1.9
2026-03-13 22:00:00,0.346,0.386,5.1,1.9
2026-03-13 23:00:00,0.346,0.386,5,2.5
2026-03-14 00:00:00,0.346,0.386,5,4.1
2026-03-14 01:00:00,0.346,0.386,5,6.2
2026-03-14 02:00:00,0.346,0.386,5.1,7.8
2026-03-14 03:00:00,0.346,0.386,5.3,9
2026-03-14 04:00:00,0.346,0.386,5.4,10.2
2026-03-14 05:00:00,0.345,0.386,5.6,10.7
2026-03-14 06:00:00,0.345,0.386,5.7,10.7
2026-03-14 07:00:00,0.345,0.386,5.9,10
2026-03-14 08:00:00,0.345,0.386,6,9.3
2026-03-14 09:00:00,0.345,0.386,6,8.3
2026-03-14 10:00:00,0.345,0.385,6,7.4
2026-03-14 11:00:00,0.345,0.385,6,6.6
2026-03-14 12:00:00,0.345,0.385,5.9,6
2026-03-14 13:00:00,0.345,0.385,5.8,5.4
2026-03-14 14:00:00,0.345,0.385,5.8,4.8
2026-03-14 15:00:00,0.345,0.385,5.7,4.4
2026-03-14 16:00:00,0.345,0.385,5.6,4.2
2026-03-14 17:00:00,0.345,0.385,5.6,4.1
2026-03-14 18:00:00,0.345,0.385,5.5,4.1
2026-03-14 19:00:00,0.345,0.385,5.5,4.2
2026-03-14 20:00:00,0.345,0.385,5.4,4.1
2026-03-14 21:00:00,0.345,0.385,5.4,4.1
2026-03-14 22:00:00,0.345,0.385,5.4,4.4
2026-03-14 23:00:00,0.345,0.385,5.4,4.9
2026-03-15 00:00:00,0.345,0.385,5.4,5.4
2026-03-15 01:00:00,0.345,0.385,5.5,6
2026-03-15 02:00:00,0.344,0.385,5.5,7.3
2026-03-15 03:00:00,0.344,0.385,5.7,8.9
2026-03-15 04:00:00,0.344,0.385,5.9,9.7
2026-03-15 05:00:00,0.344,0.385,6.1,9.7
2026-03-15 06:00:00,0.344,0.385,6.3,9.8
2026-03-15 07:00:00,0.344,0.385,6.4,9.1
2026-03-15 08:00:00,0.344,0.385,6.5,8.3
2026-03-15 09:00:00,0.344,0.385,6.6,7.6
2026-03-15 10:00:00,0.344,0.385,6.6,7.2
2026-03-15 11:00:00,0.344,0.385,6.5,6.4
2026-03-15 12:00:00,0.344,0.385,6.5,5.7
2026-03-15 13:00:00,0.344,0.385,6.4,5.2
2026-03-15 14:00:00,0.344,0.385,6.3,4.5
2026-03-15 15:00:00,0.344,0.385,6.2,4.1
2026-03-15 16:00:00,0.344,0.385,6.1,4
2026-03-15 17:00:00,0.344,0.385,6,3.8
2026-03-15 18:00:00,0.344,0.385,6,3.2
2026-03-15 19:00:00,0.344,0.385,5.9,2.9
2026-03-15 20:00:00,0.344,0.386,5.8,2.4
2026-03-15 21:00:00,0.344,0.386,5.7,2.1
2026-03-15 22:00:00,0.344,0.386,5.6,2.2
2026-03-15 23:00:00,0.344,0.386,5.5,2.5
2026-03-16 00:00:00,0.344,0.386,5.5,4
2026-03-16 01:00:00,0.344,0.386,5.5,5.6
2026-03-16 02:00:00,0.344,0.386,5.6,7.8
2026-03-16 03:00:00,0.343,0.386,5.8,9.2
2026-03-16 04:00:00,0.343,0.386,6,9.9
2026-03-16 05:00:00,0.343,0.386,6.2,10.1
2026-03-16 06:00:00,0.343,0.386,6.4,9.2
2026-03-16 07:00:00,0.343,0.386,6.5,8.7
2026-03-16 08:00:00,0.343,0.386,6.6,8.5
2026-03-16 09:00:00,0.343,0.386,6.7,7.8
2026-03-16 10:00:00,0.343,0.386,6.7,6.9
2026-03-16 11:00:00,0.343,0.385,6.6,6.1
2026-03-16 12:00:00,0.343,0.385,6.6,5.6
2026-03-16 13:00:00,0.343,0.385,6.5,5.2
2026-03-16 14:00:00,0.343,0.385,6.4,4.8
2026-03-16 15:00:00,0.343,0.385,6.3,4.5
2026-03-16 16:00:00,0.343,0.385,6.3,4.2
2026-03-16 17:00:00,0.343,0.385,6.2,3.9
2026-03-16 18:00:00,0.343,0.385,6.1,3.8
2026-03-16 19:00:00,0.343,0.386,6,3.2
2026-03-16 20:00:00,0.343,0.386,5.9,2.9
2026-03-16 21:00:00,0.343,0.386,5.9,2.8
2026-03-16 22:00:00,0.343,0.386,5.8,2.5
2026-03-16 23:00:00,0.343,0.386,5.7,3
2026-03-17 00:00:00,0.343,0.386,5.7,4.6
2026-03-17 01:00:00,0.343,0.386,5.7,7.1
2026-03-17 02:00:00,0.343,0.386,5.8,9.4
2026-03-17 03:00:00,0.343,0.386,5.9,11.3
2026-03-17 04:00:00,0.342,0.386,6.2,12.8
2026-03-17 05:00:00,0.342,0.386,6.4,13.7
2026-03-17 06:00:00,0.342,0.386,6.6,13.6
2026-03-17 07:00:00,0.342,0.386,6.9,12.6
2026-03-17 08:00:00,0.342,0.386,7,11.4
2026-03-17 09:00:00,0.342,0.386,7.1,10.3
2026-03-17 10:00:00,0.342,0.385,7.2,9.5
2026-03-17 11:00:00,0.342,0.385,7.1,8.8
2026-03-17 12:00:00,0.342,0.385,7.1,8.3
2026-03-17 13:00:00,0.342,0.385,7,8
2026-03-17 14:00:00,0.342,0.385,7,7.8
2026-03-17 15:00:00,0.342,0.384,6.9,8.1
2026-03-17 16:00:00,0.342,0.384,6.9,7.8
2026-03-17 17:00:00,0.343,0.385,6.9,7.9
2026-03-17 18:00:00,0.346,0.388,6.9,8.2
2026-03-17 19:00:00,0.351,0.395,7,8.5
2026-03-17 20:00:00,0.36,0.396,7,8.6
2026-03-17 21:00:00,0.365,0.396,7.1,8.7
2026-03-17 22:00:00,0.367,0.397,7.1,8.8
2026-03-17 23:00:00,0.371,0.397,7.2,9
2026-03-18 00:00:00,0.374,0.397,7.3,9.3
2026-03-18 01:00:00,0.374,0.397,7.3,9.6
2026-03-18 02:00:00,0.374,0.397,7.4,9.8
2026-03-18 03:00:00,0.374,0.398,7.5,9.2
2026-03-18 04:00:00,0.374,0.398,7.6,8.3
2026-03-18 05:00:00,0.373,0.398,7.6,7.8
2026-03-18 06:00:00,0.372,0.397,7.7,6.9
2026-03-18 07:00:00,0.371,0.396,7.6,6.5
2026-03-18 08:00:00,0.37,0.395,7.6,6.5
2026-03-18 09:00:00,0.369,0.394,7.5,6.4
2026-03-18 10:00:00,0.368,0.392,7.5,6.1
2026-03-18 11:00:00,0.367,0.39,7.4,5.9
2026-03-18 12:00:00,0.367,0.389,7.3,5.7
2026-03-18 13:00:00,0.366,0.388,7.2,5.3
2026-03-18 14:00:00,0.365,0.388,7.2,4.6
2026-03-18 15:00:00,0.365,0.387,7.1,4
2026-03-18 16:00:00,0.364,0.387,6.9,3.6
2026-03-18 17:00:00,0.364,0.387,6.8,3.7
2026-03-18 18:00:00,0.364,0.387,6.7,3.5
2026-03-18 19:00:00,0.363,0.387,6.6,3.1
2026-03-18 20:00:00,0.363,0.387,6.5,2.7
2026-03-18 21:00:00,0.363,0.387,6.4,2.3
2026-03-18 22:00:00,0.362,0.387,6.3,2.3
2026-03-18 23:00:00,0.362,0.387,6.2,2.7
2026-03-19 00:00:00,0.362,0.387,6.1,3.8
2026-03-19 01:00:00,0.362,0.387,6.1,5.1
2026-03-19 02:00:00,0.361,0.387,6.1,6.3
2026-03-19 03:00:00,0.361,0.388,6.2,7.2
2026-03-19 04:00:00,0.361,0.388,6.3,8.4
2026-03-19 05:00:00,0.36,0.388,6.4,9.1
2026-03-19 06:00:00,0.36,0.388,6.5,9
2026-03-19 07:00:00,0.36,0.388,6.7,8.8
2026-03-19 08:00:00,0.359,0.388,6.8,8.4
2026-03-19 09:00:00,0.359,0.387,6.8,7.5
2026-03-19 10:00:00,0.359,0.387,6.8,6.3
2026-03-19 11:00:00,0.359,0.387,6.7,5.4
2026-03-19 12:00:00,0.359,0.386,6.6,4.9
2026-03-19 13:00:00,0.358,0.386,6.5,4.5
2026-03-19 14:00:00,0.358,0.386,6.4,4
2026-03-19 15:00:00,0.358,0.386,6.3,3.9
2026-03-19 16:00:00,0.358,0.386,6.2,3.5
2026-03-19 17:00:00,0.358,0.386,6.1,3.1
2026-03-19 18:00:00,0.358,0.386,6,2.9
2026-03-19 19:00:00,0.358,0.386,5.9,2.7
2026-03-19 20:00:00,0.358,0.386,5.8,2.5
2026-03-19 21:00:00,0.358,0.386,5.8,2.3
2026-03-19 22:00:00,0.358,0.386,5.7,2.1
2026-03-19 23:00:00,0.357,0.386,5.6,2.6
2026-03-20 00:00:00,0.357,0.387,5.6,4
2026-03-20 01:00:00,0.357,0.387,5.6,6.3
2026-03-20 02:00:00,0.357,0.387,5.7,8.1
2026-03-20 03:00:00,0.357,0.387,5.8,9.2
2026-03-20 04:00:00,0.357,0.387,5.9,9.9
2026-03-20 05:00:00,0.356,0.387,6.1,10.5
2026-03-20 06:00:00,0.356,0.387,6.3,10.5
2026-03-20 07:00:00,0.356,0.387,6.4,10.2
2026-03-20 08:00:00,0.356,0.387,6.6,9.5
2026-03-20 09:00:00,0.355,0.387,6.6,8.6
2026-03-20 10:00:00,0.355,0.386,6.7,7.6
2026-03-20 11:00:00,0.355,0.386,6.7,7
2026-03-20 12:00:00,0.355,0.386,6.6,6.4
2026-03-20 13:00:00,0.355,0.386,6.6,6
2026-03-20 14:00:00,0.355,0.386,6.5,5.3
2026-03-20 15:00:00,0.355,0.386,6.5,4.8
2026-03-20 16:00:00,0.355,0.386,6.4,4.4
2026-03-20 17:00:00,0.355,0.386,6.3,3.7
2026-03-20 18:00:00,0.355,0.386,6.2,3.4
2026-03-20 19:00:00,0.355,0.386,6.1,2.7
2026-03-20 20:00:00,0.355,0.386,6,1.7
2026-03-20 21:00:00,0.355,0.387,5.9,1.1
2026-03-20 22:00:00,0.355,0.387,5.7,1.1
2026-03-20 23:00:00,0.355,0.387,5.6,1.6
2026-03-21 00:00:00,0.355,0.386,5.6,2.9
2026-03-21 01:00:00,0.354,0.387,5.6,4.8
2026-03-21 02:00:00,0.354,0.387,5.6,7.2
2026-03-21 03:00:00,0.354,0.387,5.8,9.2
2026-03-21 04:00:00,0.354,0.387,5.9,10.9
2026-03-21 05:00:00,0.354,0.387,6.1,12
2026-03-21 06:00:00,0.354,0.387,6.3,11.9
2026-03-21 07:00:00,0.353,0.387,6.4,11.1
2026-03-21 08:00:00,0.353,0.387,6.5,10.4
2026-03-21 09:00:00,0.353,0.387,6.5,8.7
2026-03-21 10:00:00,0.353,0.387,6.5,7.4
2026-03-21 11:00:00,0.353,0.386,6.5,6.5
2026-03-21 12:00:00,0.353,0.386,6.4,5.8
2026-03-21 13:00:00,0.353,0.386,6.3,5
2026-03-21 14:00:00,0.353,0.386,6.2,4.8
2026-03-21 15:00:00,0.353,0.386,6.2,4.4
2026-03-21 16:00:00,0.353,0.386,6.1,3.9
2026-03-21 17:00:00,0.353,0.386,6,3.9
2026-03-21 18:00:00,0.353,0.386,6,3.7
2026-03-21 19:00:00,0.353,0.386,5.9,3.8
2026-03-21 20:00:00,0.353,0.386,5.8,3.5
2026-03-21 21:00:00,0.352,0.386,5.8,3.5
2026-03-21 22:00:00,0.353,0.386,5.7,3.5
2026-03-21 23:00:00,0.353,0.386,5.7,4.5
2026-03-22 00:00:00,0.352,0.386,5.7,5.8
2026-03-22 01:00:00,0.352,0.386,5.8,7.5
2026-03-22 02:00:00,0.352,0.386,5.9,9
2026-03-22 03:00:00,0.352,0.386,6.1,11.2
2026-03-22 04:00:00,0.352,0.386,6.3,13.1
2026-03-22 05:00:00,0.352,0.387,6.6,14
2026-03-22 06:00:00,0.351,0.387,6.8,14.7
2026-03-22 07:00:00,0.351,0.387,7,14.2
2026-03-22 08:00:00,0.351,0.387,7.1,13
2026-03-22 09:00:00,0.351,0.386,7.2,11.8
2026-03-22 10:00:00,0.351,0.386,7.2,10.8
2026-03-22 11:00:00,0.351,0.385,7.1,9.8
2026-03-22 12:00:00,0.351,0.385,7.1,9.1
2026-03-22 13:00:00,0.351,0.385,7,8.5
2026-03-22 14:00:00,0.351,0.385,6.9,7.8
2026-03-22 15:00:00,0.351,0.385,6.8,7.4
2026-03-22 16:00:00,0.351,0.385,6.7,6.8
2026-03-22 17:00:00,0.351,0.385,6.6,6.1
2026-03-22 18:00:00,0.351,0.385,6.5,5.7
2026-03-22 19:00:00,0.351,0.385,6.4,5.2
2026-03-22 20:00:00,0.351,0.385,6.3,4.9
2026-03-22 21:00:00,0.35,0.385,6.3,4.7
2026-03-22 22:00:00,0.35,0.385,6.2,4.6
2026-03-22 23:00:00,0.35,0.385,6.1,5.2
2026-03-23 00:00:00,0.35,0.385,6,7.2
2026-03-23 01:00:00,0.35,0.385,6.1,10.2
2026-03-23 02:00:00,0.35,0.385,6.2,12.2
2026-03-23 03:00:00,0.35,0.385,6.4,13.7
2026-03-23 04:00:00,0.35,0.385,6.6,14.7
2026-03-23 05:00:00,0.35,0.385,6.8,14.6
2026-03-23 06:00:00,0.35,0.385,7,14.4
2026-03-23 07:00:00,0.349,0.385,7.2,13.8
2026-03-23 08:00:00,0.349,0.385,7.4,13.3
2026-03-23 09:00:00,0.349,0.385,7.5,12.1
2026-03-23 10:00:00,0.349,0.384,7.5,10.6
2026-03-23 11:00:00,0.349,0.384,7.5,9.5
2026-03-23 12:00:00,0.349,0.384,7.4,8.9
2026-03-23 13:00:00,0.349,0.384,7.4,8.3
2026-03-23 14:00:00,0.349,0.384,7.3,7.9
2026-03-23 15:00:00,0.349,0.384,7.2,7.4
2026-03-23 16:00:00,0.349,0.385,7.1,6.8
2026-03-23 17:00:00,0.349,0.385,7.1,6.5
2026-03-23 18:00:00,0.349,0.385,7,6.1
2026-03-23 19:00:00,0.349,0.385,6.9,5.8
2026-03-23 20:00:00,0.349,0.385,6.8,5.7
2026-03-23 21:00:00,0.349,0.385,6.7,6
2026-03-23 22:00:00,0.349,0.385,6.7,5.9
2026-03-23 23:00:00,0.349,0.385,6.6,7
2026-03-24 00:00:00,0.349,0.385,6.7,9.2
2026-03-24 01:00:00,0.348,0.385,6.8,11.3
2026-03-24 02:00:00,0.348,0.385,6.9,13
2026-03-24 03:00:00,0.348,0.385,7.1,15
2026-03-24 04:00:00,0.348,0.385,7.4,16
2026-03-24 05:00:00,0.348,0.385,7.7,16.6
2026-03-24 06:00:00,0.348,0.385,8,16.7
2026-03-24 07:00:00,0.348,0.385,8.3,15.4
2026-03-24 08:00:00,0.347,0.384,8.5,14.5
2026-03-24 09:00:00,0.348,0.384,8.6,13.5
2026-03-24 10:00:00,0.347,0.383,8.6,12.7
2026-03-24 11:00:00,0.347,0.383,8.6,12.2
2026-03-24 12:00:00,0.347,0.383,8.6,11.9
2026-03-24 13:00:00,0.347,0.383,8.5,11.6
2026-03-24 14:00:00,0.347,0.383,8.5,11.3
2026-03-24 15:00:00,0.347,0.383,8.5,11.1
2026-03-24 16:00:00,0.347,0.383,8.4,10.8
2026-03-24 17:00:00,0.347,0.384,8.4,10.3
2026-03-24 18:00:00,0.347,0.384,8.4,10
2026-03-24 19:00:00,0.347,0.384,8.4,9.9
2026-03-24 20:00:00,0.347,0.384,8.3,9.8
2026-03-24 21:00:00,0.347,0.384,8.3,9.7
2026-03-24 22:00:00,0.347,0.384,8.3,9.8
2026-03-24 23:00:00,0.347,0.384,8.3,10.1
2026-03-25 00:00:00,0.347,0.384,8.3,10.5
2026-03-25 01:00:00,0.347,0.384,8.4,11
2026-03-25 02:00:00,0.347,0.384,8.4,11.5
2026-03-25 03:00:00,0.347,0.384,8.6,12.7
2026-03-25 04:00:00,0.347,0.384,8.7,14.5
2026-03-25 05:00:00,0.347,0.384,8.8,15.6
2026-03-25 06:00:00,0.346,0.384,9,15.7
2026-03-25 07:00:00,0.346,0.384,9.1,14.9
2026-03-25 08:00:00,0.346,0.384,9.2,14.1
2026-03-25 09:00:00,0.346,0.384,9.3,13.2
2026-03-25 10:00:00,0.346,0.383,9.3,12
2026-03-25 11:00:00,0.346,0.383,9.2,11.2
2026-03-25 12:00:00,0.346,0.383,9.1,10.7
2026-03-25 13:00:00,0.346,0.383,9.1,10.1
2026-03-25 14:00:00,0.346,0.383,9,9.7
2026-03-25 15:00:00,0.346,0.384,8.9,9.2
2026-03-25 16:00:00,0.346,0.384,8.8,8.8
2026-03-25 17:00:00,0.346,0.384,8.7,8.3
2026-03-25 18:00:00,0.346,0.384,8.6,7.8
2026-03-25 19:00:00,0.346,0.384,8.5,7.6
2026-03-25 20:00:00,0.346,0.384,8.4,8
2026-03-25 21:00:00,0.346,0.384,8.3,7.8
2026-03-25 22:00:00,0.346,0.384,8.3,7.6
2026-03-25 23:00:00,0.346,0.384,8.2,8
2026-03-26 00:00:00,0.346,0.384,8.2,8.9
2026-03-26 01:00:00,0.346,0.384,8.2,10.8
2026-03-26 02:00:00,0.346,0.385,8.3,12.8
2026-03-26 03:00:00,0.346,0.385,8.4,14.6
2026-03-26 04:00:00,0.345,0.385,8.6,15.8
2026-03-26 05:00:00,0.345,0.385,8.8,16.4
2026-03-26 06:00:00,0.345,0.385,9,16.3
2026-03-26 07:00:00,0.345,0.384,9.2,15.5
2026-03-26 08:00:00,0.345,0.384,9.3,14.2
2026-03-26 09:00:00,0.345,0.384,9.3,12.4
2026-03-26 10:00:00,0.345,0.383,9.2,11.1
2026-03-26 11:00:00,0.345,0.383,9.1,10.3
2026-03-26 12:00:00,0.345,0.383,9,9.6
2026-03-26 13:00:00,0.345,0.383,8.9,9.1
2026-03-26 14:00:00,0.345,0.384,8.8,8.7
2026-03-26 15:00:00,0.345,0.384,8.7,8.1
2026-03-26 16:00:00,0.345,0.384,8.6,7.7
2026-03-26 17:00:00,0.345,0.384,8.5,7.3
2026-03-26 18:00:00,0.345,0.384,8.4,7
2026-03-26 19:00:00,0.345,0.384,8.3,6.5
2026-03-26 20:00:00,0.345,0.384,8.2,6.1
2026-03-26 21:00:00,0.345,0.385,8.1,5.7
2026-03-26 22:00:00,0.345,0.385,8,5.9
2026-03-26 23:00:00,0.345,0.385,7.9,7
2026-03-27 00:00:00,0.345,0.385,7.9,8.6
2026-03-27 01:00:00,0.345,0.384,7.9,11
2026-03-27 02:00:00,0.345,0.384,8.1,13.5
2026-03-27 03:00:00,0.344,0.384,8.3,15.6
2026-03-27 04:00:00,0.344,0.385,8.5,16.9
2026-03-27 05:00:00,0.344,0.385,8.7,17.4
2026-03-27 06:00:00,0.344,0.385,9,17.4
2026-03-27 07:00:00,0.344,0.384,9.2,16.4
2026-03-27 08:00:00,0.344,0.384,9.3,15.4
2026-03-27 09:00:00,0.344,0.384,9.3,14.1
2026-03-27 10:00:00,0.344,0.383,9.3,12.8
2026-03-27 11:00:00,0.344,0.383,9.3,11.9
2026-03-27 12:00:00,0.344,0.383,9.2,11.4
2026-03-27 13:00:00,0.344,0.383,9.1,10.9
2026-03-27 14:00:00,0.344,0.383,9.1,10.6
2026-03-27 15:00:00,0.344,0.383,9,10.5
2026-03-27 16:00:00,0.344,0.383,9,10.4
2026-03-27 17:00:00,0.343,0.383,8.9,10.3
2026-03-27 18:00:00,0.343,0.383,8.9,10
2026-03-27 19:00:00,0.343,0.383,8.9,9.6
2026-03-27 20:00:00,0.343,0.384,8.9,9.1
2026-03-27 21:00:00,0.343,0.384,8.8,8.5
2026-03-27 22:00:00,0.343,0.384,8.8,8.2
2026-03-27 23:00:00,0.343,0.384,8.7,8.3
2026-03-28 00:00:00,0.343,0.384,8.7,9.3
2026-03-28 01:00:00,0.343,0.384,8.7,11.5
2026-03-28 02:00:00,0.343,0.384,8.7,13.5
2026-03-28 03:00:00,0.343,0.384,8.8,15.4
2026-03-28 04:00:00,0.343,0.384,9,16.5
2026-03-28 05:00:00,0.343,0.384,9.2,15.6
2026-03-28 06:00:00,0.343,0.384,9.3,15.2
2026-03-28 07:00:00,0.343,0.384,9.4,14
2026-03-28 08:00:00,0.343,0.384,9.4,13
2026-03-28 09:00:00,0.343,0.383,9.4,11.8
2026-03-28 10:00:00,0.343,0.383,9.4,10.6
2026-03-28 11:00:00,0.343,0.383,9.3,9.8
2026-03-28 12:00:00,0.343,0.383,9.2,9.1
2026-03-28 13:00:00,0.343,0.383,9.1,8.4
2026-03-28 14:00:00,0.343,0.384,9,7.9
2026-03-28 15:00:00,0.343,0.384,8.8,7.4
2026-03-28 16:00:00,0.343,0.384,8.7,7.3
2026-03-28 17:00:00,0.342,0.384,8.6,6.7
2026-03-28 18:00:00,0.342,0.384,8.5,6.5
2026-03-28 19:00:00,0.343,0.384,8.4,6.3
2026-03-28 20:00:00,0.343,0.384,8.3,6.4
2026-03-28 21:00:00,0.343,0.384,8.2,6.4
2026-03-28 22:00:00,0.343,0.384,8.1,6.5
2026-03-28 23:00:00,0.343,0.384,8.1,7.5
2026-03-29 00:00:00,0.343,0.384,8.1,9.3
2026-03-29 01:00:00,0.343,0.384,8.1,12.1
2026-03-29 02:00:00,0.342,0.384,8.3,14.3
2026-03-29 03:00:00,0.342,0.384,8.5,16.4
2026-03-29 04:00:00,0.342,0.384,8.8,18.1
2026-03-29 05:00:00,0.342,0.384,9.1,19
2026-03-29 06:00:00,0.342,0.384,9.4,18.8
2026-03-29 07:00:00,0.342,0.384,9.7,17.9
2026-03-29 08:00:00,0.342,0.384,10,17
2026-03-29 09:00:00,0.341,0.383,10.1,16.1
2026-03-29 10:00:00,0.341,0.383,10.2,15.1
2026-03-29 11:00:00,0.341,0.382,10.2,14.2
2026-03-29 12:00:00,0.341,0.382,10.1,13.8
2026-03-29 13:00:00,0.341,0.382,10.1,13
2026-03-29 14:00:00,0.341,0.382,10,12.5
2026-03-29 15:00:00,0.341,0.382,10,12.1
2026-03-29 16:00:00,0.341,0.383,9.9,11.8
2026-03-29 17:00:00,0.341,0.383,9.8,11.8
2026-03-29 18:00:00,0.341,0.383,9.8,11.5
2026-03-29 19:00:00,0.341,0.383,9.7,11.2
2026-03-29 20:00:00,0.341,0.383,9.7,11
2026-03-29 21:00:00,0.341,0.383,9.6,10.9
2026-03-29 22:00:00,0.341,0.383,9.6,11.3
2026-03-29 23:00:00,0.341,0.383,9.6,11.8
2026-03-30 00:00:00,0.341,0.383,9.6,13
2026-03-30 01:00:00,0.341,0.383,9.7,14.6
2026-03-30 02:00:00,0.341,0.383,9.8,15.6
2026-03-30 03:00:00,0.341,0.383,10,15.7
2026-03-30 04:00:00,0.341,0.383,10.2,15.6
2026-03-30 05:00:00,0.341,0.383,10.3,15
2026-03-30 06:00:00,0.341,0.382,10.4,14.3
2026-03-30 07:00:00,0.342,0.382,10.5,13.9
2026-03-30 08:00:00,0.344,0.387,10.6,13.6
2026-03-30 09:00:00,0.362,0.392,10.9,13.2
2026-03-30 10:00:00,0.369,0.393,11,12.9
2026-03-30 11:00:00,0.373,0.394,10.9,12.7
2026-03-30 12:00:00,0.387,0.395,11.1,12.5
2026-03-30 13:00:00,0.397,0.396,11.2,12.2
2026-03-30 14:00:00,0.395,0.396,11.2,12
2026-03-30 15:00:00,0.393,0.397,11.2,11.9
2026-03-30 16:00:00,0.388,0.397,11.1,11.9
2026-03-30 17:00:00,0.384,0.396,11.1,11.6
2026-03-30 18:00:00,0.38,0.396,11,11.3
2026-03-30 19:00:00,0.378,0.396,11,11.2
2026-03-30 20:00:00,0.376,0.396,10.9,10.8
2026-03-30 21:00:00,0.374,0.396,10.9,10.8
2026-03-30 22:00:00,0.373,0.395,10.8,11.1
2026-03-30 23:00:00,0.371,0.395,10.7,11.6
2026-03-31 00:00:00,0.371,0.394,10.7,11.8
2026-03-31 01:00:00,0.37,0.393,10.7,12.4
2026-03-31 02:00:00,0.369,0.392,10.8,13.4
2026-03-31 03:00:00,0.368,0.392,10.9,14.4
2026-03-31 04:00:00,0.367,0.392,11.1,15.6
2026-03-31 05:00:00,0.367,0.392,11.2,15.4
2026-03-31 06:00:00,0.366,0.391,11.4,14.4
2026-03-31 07:00:00,0.365,0.39,11.5,13.8
2026-03-31 08:00:00,0.365,0.389,11.5,13.3
2026-03-31 09:00:00,0.364,0.388,11.5,12.4
2026-03-31 10:00:00,0.364,0.387,11.5,11.7
2026-03-31 11:00:00,0.363,0.387,11.4,11.5
2026-03-31 12:00:00,0.363,0.387,11.3,11.3
2026-03-31 13:00:00,0.363,0.386,11.2,11
2026-03-31 14:00:00,0.362,0.386,11.1,10.7
2026-03-31 15:00:00,0.362,0.386,11,10.5
2026-03-31 16:00:00,0.362,0.386,10.9,10.4
2026-03-31 17:00:00,0.362,0.386,10.9,10.4
2026-03-31 18:00:00,0.361,0.386,10.8,10.4
2026-03-31 19:00:00,0.361,0.386,10.7,10.2
2026-03-31 20:00:00,0.361,0.386,10.7,10.2
2026-03-31 21:00:00,0.361,0.386,10.6,10.3
2026-03-31 22:00:00,0.36,0.386,10.6,10.5
2026-03-31 23:00:00,0.36,0.386,10.6,11.3
2026-04-01 00:00:00,0.36,0.386,10.6,12
2026-04-01 01:00:00,0.36,0.386,10.7,12.8
2026-04-01 02:00:00,0.359,0.386,10.7,13.6
2026-04-01 03:00:00,0.359,0.386,10.9,14.3
2026-04-01 04:00:00,0.359,0.386,11,14.2
2026-04-01 05:00:00,0.358,0.386,11.2,14.1
2026-04-01 06:00:00,0.358,0.386,11.3,13.9
2026-04-01 07:00:00,0.358,0.386,11.4,13.4
2026-04-01 08:00:00,0.358,0.386,11.4,12.6
2026-04-01 09:00:00,0.358,0.386,11.4,11.8
2026-04-01 10:00:00,0.357,0.386,11.3,11.1
2026-04-01 11:00:00,0.357,0.386,11.1,10.6
2026-04-01 12:00:00,0.357,0.386,11,9.9
2026-04-01 13:00:00,0.357,0.386,10.9,9.4
2026-04-01 14:00:00,0.357,0.386,10.7,8.7
2026-04-01 15:00:00,0.357,0.386,10.6,8.4
2026-04-01 16:00:00,0.357,0.386,10.4,7.9
2026-04-01 17:00:00,0.357,0.386,10.3,7.4
2026-04-01 18:00:00,0.357,0.386,10.1,7.1
2026-04-01 19:00:00,0.357,0.386,10,6.9
2026-04-01 20:00:00,0.356,0.387,9.8,6.6
2026-04-01 21:00:00,0.356,0.387,9.7,6.2
2026-04-01 22:00:00,0.356,0.387,9.6,6.1
2026-04-01 23:00:00,0.356,0.387,9.5,7.2
2026-04-02 00:00:00,0.356,0.387,9.4,8.7
2026-04-02 01:00:00,0.356,0.387,9.4,10.4
2026-04-02 02:00:00,0.356,0.387,9.5,12.1
2026-04-02 03:00:00,0.356,0.387,9.6,13.6
2026-04-02 04:00:00,0.356,0.387,9.8,15
2026-04-02 05:00:00,0.355,0.387,10,15.4
2026-04-02 06:00:00,0.355,0.387,10.2,15.7
2026-04-02 07:00:00,0.355,0.387,10.4,15.6
2026-04-02 08:00:00,0.355,0.387,10.5,14.7
2026-04-02 09:00:00,0.354,0.386,10.6,13.4
2026-04-02 10:00:00,0.354,0.385,10.6,12.1
2026-04-02 11:00:00,0.354,0.385,10.6,11.3
2026-04-02 12:00:00,0.354,0.385,10.5,10.7
2026-04-02 13:00:00,0.354,0.385,10.4,10.3
2026-04-02 14:00:00,0.354,0.385,10.3,9.9
2026-04-02 15:00:00,0.354,0.386,10.2,9.4
2026-04-02 16:00:00,0.354,0.386,10.1,8.9
2026-04-02 17:00:00,0.354,0.386,10.1,8.6
2026-04-02 18:00:00,0.354,0.386,10,8.5
2026-04-02 19:00:00,0.354,0.386,9.9,8.3
2026-04-02 20:00:00,0.354,0.386,9.8,8
2026-04-02 21:00:00,0.353,0.387,9.7,7.8
2026-04-02 22:00:00,0.353,0.387,9.6,7.9
2026-04-02 23:00:00,0.353,0.386,9.6,8.8
2026-04-03 00:00:00,0.353,0.386,9.5,10.5
2026-04-03 01:00:00,0.353,0.386,9.6,12.5
2026-04-03 02:00:00,0.353,0.387,9.8,14.5
2026-04-03 03:00:00,0.353,0.387,10,16.4
2026-04-03 04:00:00,0.353,0.387,10.3,17.8
2026-04-03 05:00:00,0.352,0.386,10.6,19.2
2026-04-03 06:00:00,0.352,0.386,10.9,18.6
2026-04-03 07:00:00,0.352,0.386,11.1,17.5
2026-04-03 08:00:00,0.352,0.385,11.3,16.2
2026-04-03 09:00:00,0.352,0.384,11.3,15.3
2026-04-03 10:00:00,0.352,0.384,11.3,14.8
2026-04-03 11:00:00,0.352,0.384,11.3,14.1
2026-04-03 12:00:00,0.352,0.384,11.3,13.4
2026-04-03 13:00:00,0.352,0.384,11.2,13.1
2026-04-03 14:00:00,0.354,0.385,11.2,12.8
2026-04-03 15:00:00,0.36,0.389,11.2,12.4
2026-04-03 16:00:00,0.374,0.392,11.2,12.1
2026-04-03 17:00:00,0.385,0.393,11.2,12.1
2026-04-03 18:00:00,0.398,0.394,11.2,12.3
2026-04-03 19:00:00,0.409,0.395,11.3,12.2
2026-04-03 20:00:00,0.401,0.395,11.3,11.9
2026-04-03 21:00:00,0.402,0.395,11.3,11.8
2026-04-03 22:00:00,0.396,0.395,11.3,11.9
2026-04-03 23:00:00,0.391,0.395,11.3,12
2026-04-04 00:00:00,0.387,0.395,11.3,12.8
2026-04-04 01:00:00,0.384,0.394,11.4,13.9
2026-04-04 02:00:00,0.381,0.393,11.5,14
2026-04-04 03:00:00,0.379,0.392,11.7,13.9
2026-04-04 04:00:00,0.378,0.391,11.8,13.2
2026-04-04 05:00:00,0.376,0.39,11.8,13.2
2026-04-04 06:00:00,0.375,0.39,11.8,12.7
2026-04-04 07:00:00,0.374,0.389,11.9,11.6
2026-04-04 08:00:00,0.373,0.389,11.8,11.1
2026-04-04 09:00:00,0.372,0.388,11.7,10.6
2026-04-04 10:00:00,0.371,0.388,11.6,10
2026-04-04 11:00:00,0.371,0.388,11.5,9.6
2026-04-04 12:00:00,0.37,0.388,11.3,9.2
2026-04-04 13:00:00,0.37,0.388,11.2,9
2026-04-04 14:00:00,0.369,0.388,11.1,8.8
2026-04-04 15:00:00,0.369,0.388,11,8.4
2026-04-04 16:00:00,0.368,0.388,10.9,8.2
2026-04-04 17:00:00,0.368,0.388,10.7,8.1
2026-04-04 18:00:00,0.367,0.388,10.6,7.9
2026-04-04 19:00:00,0.367,0.388,10.5,7.7
2026-04-04 20:00:00,0.367,0.388,10.4,7.6
2026-04-04 21:00:00,0.366,0.388,10.3,7.3
2026-04-04 22:00:00,0.366,0.389,10.2,7.4
2026-04-04 23:00:00,0.366,0.389,10.1,7.8
2026-04-05 00:00:00,0.365,0.389,10.1,8.5
2026-04-05 01:00:00,0.365,0.389,10.1,9.6
2026-04-05 02:00:00,0.365,0.389,10.1,10.8
2026-04-05 03:00:00,0.365,0.389,10.2,12.4
2026-04-05 04:00:00,0.364,0.389,10.3,13.7
2026-04-05 05:00:00,0.364,0.388,10.5,14.3
2026-04-05 06:00:00,0.364,0.388,10.6,14.9
2026-04-05 07:00:00,0.363,0.388,10.8,14.6
2026-04-05 08:00:00,0.363,0.388,10.9,14
2026-04-05 09:00:00,0.363,0.387,10.9,13
2026-04-05 10:00:00,0.362,0.387,10.9,12.1
2026-04-05 11:00:00,0.362,0.386,10.8,11.4
2026-04-05 12:00:00,0.362,0.386,10.8,11
2026-04-05 13:00:00,0.362,0.386,10.7,11.3
2026-04-05 14:00:00,0.361,0.386,10.6,11.5
2026-04-05 15:00:00,0.361,0.386,10.6,11.8
2026-04-05 16:00:00,0.361,0.386,10.6,11.9
2026-04-05 17:00:00,0.361,0.386,10.6,11.9
2026-04-05 18:00:00,0.361,0.386,10.6,12
2026-04-05 19:00:00,0.361,0.386,10.6,12.3
2026-04-05 20:00:00,0.36,0.387,10.7,12.2
2026-04-05 21:00:00,0.36,0.387,10.7,12.2
2026-04-05 22:00:00,0.361,0.387,10.7,12.6
2026-04-05 23:00:00,0.362,0.387,10.8,13.2
2026-04-06 00:00:00,0.362,0.387,10.9,13.9
2026-04-06 01:00:00,0.362,0.387,11,14.1
2026-04-06 02:00:00,0.362,0.387,11.2,14.3
2026-04-06 03:00:00,0.362,0.387,11.3,14.6
2026-04-06 04:00:00,0.362,0.387,11.5,14.9
2026-04-06 05:00:00,0.362,0.387,11.6,14.4
2026-04-06 06:00:00,0.362,0.387,11.7,13.7
2026-04-06 07:00:00,0.362,0.388,11.7,13.1
2026-04-06 08:00:00,0.362,0.388,11.8,12.2
2026-04-06 09:00:00,0.362,0.388,11.7,11.5
2026-04-06 10:00:00,0.362,0.388,11.7,10.3
2026-04-06 11:00:00,0.362,0.388,11.5,9.5
2026-04-06 12:00:00,0.362,0.388,11.4,9
2026-04-06 13:00:00,0.362,0.388,11.2,8.5
2026-04-06 14:00:00,0.362,0.388,11,8.2
2026-04-06 15:00:00,0.362,0.388,10.8,7.8
2026-04-06 16:00:00,0.362,0.389,10.7,7.3
2026-04-06 17:00:00,0.362,0.389,10.5,6.8
2026-04-06 18:00:00,0.362,0.389,10.3,6.3
2026-04-06 19:00:00,0.362,0.389,10.1,6
2026-04-06 20:00:00,0.362,0.389,10,5.6
2026-04-06 21:00:00,0.362,0.389,9.8,5.2
2026-04-06 22:00:00,0.362,0.389,9.6,5.4
2026-04-06 23:00:00,0.361,0.389,9.5,6.1
2026-04-07 00:00:00,0.361,0.389,9.4,7.6
2026-04-07 01:00:00,0.361,0.389,9.3,9
2026-04-07 02:00:00,0.361,0.389,9.3,10.2
2026-04-07 03:00:00,0.361,0.389,9.3,11.3
2026-04-07 04:00:00,0.361,0.388,9.4,12
2026-04-07 05:00:00,0.361,0.388,9.4,12
2026-04-07 06:00:00,0.36,0.388,9.5,12
2026-04-07 07:00:00,0.36,0.388,9.6,11.5
2026-04-07 08:00:00,0.36,0.388,9.6,10.6
2026-04-07 09:00:00,0.36,0.388,9.5,9.4
2026-04-07 10:00:00,0.36,0.388,9.4,8.3
2026-04-07 11:00:00,0.36,0.388,9.3,7.5
2026-04-07 12:00:00,0.359,0.388,9.1,6.7
2026-04-07 13:00:00,0.359,0.388,9,6.1
2026-04-07 14:00:00,0.359,0.388,8.9,5.5
2026-04-07 15:00:00,0.359,0.388,8.8,5.2
2026-04-07 16:00:00,0.359,0.388,8.7,4.7
2026-04-07 17:00:00,0.359,0.389,8.5,4
2026-04-07 18:00:00,0.359,0.389,8.4,3.6
2026-04-07 19:00:00,0.359,0.389,8.3,3.2
2026-04-07 20:00:00,0.359,0.389,8.2,3
2026-04-07 21:00:00,0.359,0.389,8,2.4
2026-04-07 22:00:00,0.359,0.389,7.9,2.7
2026-04-07 23:00:00,0.359,0.389,7.8,3.7
2026-04-08 00:00:00,0.359,0.389,7.8,5.4
2026-04-08 01:00:00,0.359,0.389,7.8,7.7
2026-04-08 02:00:00,0.359,0.389,7.9,9.9
2026-04-08 03:00:00,0.358,0.389,8,12.1
2026-04-08 04:00:00,0.358,0.389,8.2,14.2
2026-04-08 05:00:00,0.358,0.389,8.5,15.3
2026-04-08 06:00:00,0.358,0.388,8.7,15.9
2026-04-08 07:00:00,0.357,0.388,9,15.3
2026-04-08 08:00:00,0.357,0.387,9.2,14.4
2026-04-08 09:00:00,0.357,0.386,9.4,13
2026-04-08 10:00:00,0.357,0.386,9.4,11.6
2026-04-08 11:00:00,0.357,0.386,9.4,11
2026-04-08 12:00:00,0.357,0.386,9.4,10.4
2026-04-08 13:00:00,0.356,0.387,9.3,10.1
2026-04-08 14:00:00,0.356,0.387,9.3,9.7
2026-04-08 15:00:00,0.356,0.387,9.2,9.5
2026-04-08 16:00:00,0.356,0.387,9.2,9.5
2026-04-08 17:00:00,0.356,0.387,9.1,9.3
2026-04-08 18:00:00,0.356,0.387,9.1,8.9
2026-04-08 19:00:00,0.356,0.387,9.1,8.7
2026-04-08 20:00:00,0.356,0.387,9.1,9
2026-04-08 21:00:00,0.356,0.387,9.1,9.4
2026-04-08 22:00:00,0.356,0.387,9.1,9.8
2026-04-08 23:00:00,0.356,0.387,9.2,10.4
2026-04-09 00:00:00,0.356,0.387,9.2,11
2026-04-09 01:00:00,0.358,0.388,9.3,11.8
2026-04-09 02:00:00,0.362,0.389,9.5,12.9
2026-04-09 03:00:00,0.367,0.391,9.7,13.8
2026-04-09 04:00:00,0.377,0.392,10,14.4
2026-04-09 05:00:00,0.385,0.392,10.3,15
2026-04-09 06:00:00,0.386,0.393,10.6,15.3
2026-04-09 07:00:00,0.4,0.393,11,15.6
2026-04-09 08:00:00,0.413,0.393,12,15.6
2026-04-09 09:00:00,0.397,0.393,12.3,15.5
2026-04-09 10:00:00,0.39,0.393,12.3,15.2
2026-04-09 11:00:00,0.386,0.393,12.2,14.9
2026-04-09 12:00:00,0.383,0.393,12.2,14.9
2026-04-09 13:00:00,0.381,0.394,12.1,14.9
2026-04-09 14:00:00,0.379,0.393,12.1,15
2026-04-09 15:00:00,0.378,0.393,12.1,14.8
2026-04-09 16:00:00,0.377,0.394,12.1,14.4
2026-04-09 17:00:00,0.376,0.394,12,14.1
2026-04-09 18:00:00,0.375,0.394,12,13.7
2026-04-09 19:00:00,0.374,0.394,12,12.9
2026-04-09 20:00:00,0.374,0.394,11.9,11.9
2026-04-09 21:00:00,0.373,0.393,11.9,11.6
2026-04-09 22:00:00,0.372,0.393,11.8,11.5
2026-04-09 23:00:00,0.372,0.393,11.7,11.6
2026-04-10 00:00:00,0.371,0.393,11.6,11.9
2026-04-10 01:00:00,0.371,0.393,11.6,11.9
2026-04-10 02:00:00,0.37,0.393,11.6,11.7
2026-04-10 03:00:00,0.37,0.392,11.6,11.8
2026-04-10 04:00:00,0.369,0.392,11.6,11.9
2026-04-10 05:00:00,0.369,0.392,11.6,11.5
2026-04-10 06:00:00,0.368,0.391,11.6,11.1
2026-04-10 07:00:00,0.368,0.391,11.6,10.8
2026-04-10 08:00:00,0.368,0.391,11.5,10.7
2026-04-10 09:00:00,0.367,0.391,11.4,10.5
2026-04-10 10:00:00,0.367,0.391,11.4,10.1
2026-04-10 11:00:00,0.367,0.39,11.3,9.9
2026-04-10 12:00:00,0.366,0.39,11.2,9.9
2026-04-10 13:00:00,0.366,0.39,11.1,9.9
2026-04-10 14:00:00,0.366,0.39,11,9.8
2026-04-10 15:00:00,0.365,0.39,11,9.8
2026-04-10 16:00:00,0.365,0.39,10.9,9.7
2026-04-10 17:00:00,0.365,0.39,10.9,9.7
2026-04-10 18:00:00,0.365,0.39,10.8,9.7
2026-04-10 19:00:00,0.365,0.39,10.8,9.6
2026-04-10 20:00:00,0.364,0.39,10.7,9.6
2026-04-10 21:00:00,0.364,0.39,10.7,9.5
2026-04-10 22:00:00,0.364,0.39,10.7,9.7
2026-04-10 23:00:00,0.364,0.39,10.7,10.4
2026-04-11 00:00:00,0.364,0.39,10.7,11.2
2026-04-11 01:00:00,0.363,0.39,10.8,12.1
2026-04-11 02:00:00,0.363,0.39,10.9,13.7
2026-04-11 03:00:00,0.363,0.389,11,15.1
2026-04-11 04:00:00,0.363,0.389,11.2,16
2026-04-11 05:00:00,0.362,0.388,11.4,16.6
2026-04-11 06:00:00,0.362,0.388,11.7,16.9
2026-04-11 07:00:00,0.362,0.387,11.9,16.8
2026-04-11 08:00:00,0.361,0.387,12.1,16.1
2026-04-11 09:00:00,0.361,0.387,12.2,14.8
2026-04-11 10:00:00,0.361,0.387,12.2,13.8
2026-04-11 11:00:00,0.361,0.387,12.2,13.2
2026-04-11 12:00:00,0.361,0.387,12.1,12.8
2026-04-11 13:00:00,0.36,0.388,12,12.5
2026-04-11 14:00:00,0.36,0.388,11.9,12.3
2026-04-11 15:00:00,0.36,0.388,11.8,12.2
2026-04-11 16:00:00,0.36,0.388,11.8,12.1
2026-04-11 17:00:00,0.36,0.388,11.7,12
2026-04-11 18:00:00,0.36,0.388,11.7,11.6
2026-04-11 19:00:00,0.36,0.388,11.6,11.3
2026-04-11 20:00:00,0.36,0.388,11.6,11.1
2026-04-11 21:00:00,0.36,0.389,11.5,11
2026-04-11 22:00:00,0.359,0.389,11.4,11
2026-04-11 23:00:00,0.359,0.389,11.4,11.2
2026-04-12 00:00:00,0.359,0.389,11.4,12
2026-04-12 01:00:00,0.359,0.389,11.4,13.9
2026-04-12 02:00:00,0.359,0.388,11.5,15.4
2026-04-12 03:00:00,0.359,0.388,11.7,16.5
2026-04-12 04:00:00,0.359,0.387,11.9,17.6
2026-04-12 05:00:00,0.358,0.386,12.2,18.3
2026-04-12 06:00:00,0.358,0.386,12.4,18.6
2026-04-12 07:00:00,0.358,0.385,12.6,18.4
2026-04-12 08:00:00,0.357,0.385,12.7,17.4
2026-04-12 09:00:00,0.357,0.386,12.8,16.5
2026-04-12 10:00:00,0.357,0.386,12.8,15.8
2026-04-12 11:00:00,0.357,0.386,12.7,15.4
2026-04-12 12:00:00,0.357,0.386,12.7,15.1
2026-04-12 13:00:00,0.357,0.386,12.6,14.7
2026-04-12 14:00:00,0.357,0.386,12.6,14.5
2026-04-12 15:00:00,0.357,0.386,12.5,14.1
2026-04-12 16:00:00,0.357,0.387,12.4,13.8
2026-04-12 17:00:00,0.356,0.387,12.4,13.5
2026-04-12 18:00:00,0.356,0.387,12.3,13.4
2026-04-12 19:00:00,0.356,0.387,12.2,13.7
2026-04-12 20:00:00,0.356,0.387,12.2,13.6
2026-04-12 21:00:00,0.356,0.387,12.1,13.5
2026-04-12 22:00:00,0.356,0.387,12,13.6
2026-04-12 23:00:00,0.356,0.386,11.9,14.6
2026-04-13 00:00:00,0.356,0.386,11.9,15.8
2026-04-13 01:00:00,0.356,0.386,11.9,17.8
2026-04-13 02:00:00,0.356,0.385,12,19.4
2026-04-13 03:00:00,0.356,0.384,12.1,20.7
2026-04-13 04:00:00,0.355,0.383,12.3,21.7
2026-04-13 05:00:00,0.355,0.383,12.6,21.6
2026-04-13 06:00:00,0.355,0.383,12.9,20.9
2026-04-13 07:00:00,0.355,0.383,13.1,19.8
2026-04-13 08:00:00,0.354,0.384,13.2,18.7
2026-04-13 09:00:00,0.354,0.384,13.2,18.1
2026-04-13 10:00:00,0.354,0.384,13.1,17.2
2026-04-13 11:00:00,0.354,0.384,13.1,16.8
2026-04-13 12:00:00,0.354,0.385,13,16.3
2026-04-13 13:00:00,0.354,0.385,12.9,15.9
2026-04-13 14:00:00,0.354,0.385,12.8,15.8
2026-04-13 15:00:00,0.354,0.385,12.8,15.5
2026-04-13 16:00:00,0.354,0.385,12.7,15.4
2026-04-13 17:00:00,0.354,0.385,12.7,15.1
2026-04-13 18:00:00,0.354,0.385,12.6,14.9
2026-04-13 19:00:00,0.353,0.386,12.6,14.7
2026-04-13 20:00:00,0.353,0.386,12.5,14.5
2026-04-13 21:00:00,0.353,0.386,12.5,14.4
2026-04-13 22:00:00,0.353,0.386,12.4,14.7
2026-04-13 23:00:00,0.353,0.386,12.4,15.3
2026-04-14 00:00:00,0.353,0.385,12.4,15.8
2026-04-14 01:00:00,0.353,0.385,12.5,16.9
2026-04-14 02:00:00,0.353,0.385,12.6,17.7
2026-04-14 03:00:00,0.353,0.385,12.7,18.1
2026-04-14 04:00:00,0.353,0.384,12.8,18.7
2026-04-14 05:00:00,0.352,0.384,13,18.7
2026-04-14 06:00:00,0.352,0.384,13.1,18.7
2026-04-14 07:00:00,0.352,0.384,13.2,18.4
2026-04-14 08:00:00,0.352,0.384,13.2,18.5
2026-04-14 09:00:00,0.352,0.384,13.3,18.2
2026-04-14 10:00:00,0.352,0.384,13.2,17.3
2026-04-14 11:00:00,0.351,0.384,13.2,16.7
2026-04-14 12:00:00,0.351,0.385,13.2,16.1
2026-04-14 13:00:00,0.351,0.385,13.1,15.3
2026-04-14 14:00:00,0.351,0.385,13.1,14.6
2026-04-14 15:00:00,0.351,0.385,13,13.9
2026-04-14 16:00:00,0.351,0.386,12.9,13.4
2026-04-14 17:00:00,0.351,0.386,12.7,12.8
2026-04-14 18:00:00,0.351,0.386,12.6,12.3
2026-04-14 19:00:00,0.351,0.387,12.5,11.9
2026-04-14 20:00:00,0.351,0.387,12.4,11.8
2026-04-14 21:00:00,0.351,0.387,12.3,11.6
2026-04-14 22:00:00,0.351,0.387,12.2,11.7
2026-04-14 23:00:00,0.351,0.387,12.1,12.4
2026-04-15 00:00:00,0.351,0.386,12.1,13.9
2026-04-15 01:00:00,0.351,0.386,12,15.8
2026-04-15 02:00:00,0.351,0.385,12.1,18.1
2026-04-15 03:00:00,0.351,0.384,12.2,20
2026-04-15 04:00:00,0.351,0.383,12.4,19.9
2026-04-15 05:00:00,0.351,0.383,12.5,19.8
2026-04-15 06:00:00,0.351,0.383,12.7,20.2
2026-04-15 07:00:00,0.35,0.383,12.9,20
2026-04-15 08:00:00,0.35,0.383,13,18.9
2026-04-15 09:00:00,0.35,0.383,13.1,17.7
2026-04-15 10:00:00,0.35,0.384,13.1,16.2
2026-04-15 11:00:00,0.35,0.384,13,15.5
2026-04-15 12:00:00,0.35,0.384,12.9,15.1
2026-04-15 13:00:00,0.35,0.385,12.8,14.6
2026-04-15 14:00:00,0.35,0.385,12.7,14
