time,soil_moisture_10cm,soil_temperature_10cm,precipitation
2026-02-25 07:00:00,0.405,11.2,0
2026-02-25 08:00:00,0.404,10.4,0
2026-02-25 09:00:00,0.404,9.8,0
2026-02-25 10:00:00,0.404,9.2,0
2026-02-25 11:00:00,0.403,8.7,0
2026-02-25 12:00:00,0.403,8.1,0
2026-02-25 13:00:00,0.404,7.5,0
2026-02-25 14:00:00,0.404,7,0
2026-02-25 15:00:00,0.404,6.6,0
2026-02-25 16:00:00,0.405,6.2,0
2026-02-25 17:00:00,0.405,5.8,0
2026-02-25 18:00:00,0.405,5.5,0
2026-02-25 19:00:00,0.405,5.2,0
2026-02-25 20:00:00,0.405,5,0
2026-02-25 21:00:00,0.406,4.7,0
2026-02-25 22:00:00,0.405,4.5,0
2026-02-25 23:00:00,0.405,4.3,0
2026-02-26 00:00:00,0.405,4.2,0
2026-02-26 01:00:00,0.405,4.5,0
2026-02-26 02:00:00,0.404,5.3,0
2026-02-26 03:00:00,0.403,6.4,0
2026-02-26 04:00:00,0.402,7.4,0
2026-02-26 05:00:00,0.401,8.2,0
2026-02-26 06:00:00,0.401,8.8,0
2026-02-26 07:00:00,0.4,9.1,0
2026-02-26 08:00:00,0.4,9.2,0
2026-02-26 09:00:00,0.399,9.1,0
2026-02-26 10:00:00,0.399,8.9,0
2026-02-26 11:00:00,0.399,8.7,0
2026-02-26 12:00:00,0.399,8.5,0
2026-02-26 13:00:00,0.4,8.3,0
2026-02-26 14:00:00,0.4,8.2,0
2026-02-26 15:00:00,0.4,8.1,0
2026-02-26 16:00:00,0.4,7.9,1
2026-02-26 17:00:00,0.4,7.8,1
2026-02-26 18:00:00,0.4,7.8,1
2026-02-26 19:00:00,0.401,7.7,1
2026-02-26 20:00:00,0.418,7.5,0
2026-02-26 21:00:00,0.42,7.4,0
2026-02-26 22:00:00,0.42,7.4,0
2026-02-26 23:00:00,0.42,7.4,0
2026-02-27 00:00:00,0.42,7.4,0
2026-02-27 01:00:00,0.419,7.6,0
2026-02-27 02:00:00,0.419,8,0
2026-02-27 03:00:00,0.419,8.5,0
2026-02-27 04:00:00,0.418,9,0
2026-02-27 05:00:00,0.411,9.4,0
2026-02-27 06:00:00,0.411,9.5,0
2026-02-27 07:00:00,0.411,9.7,0
2026-02-27 08:00:00,0.41,9.9,0
2026-02-27 09:00:00,0.41,10,0
2026-02-27 10:00:00,0.408,9.8,0
2026-02-27 11:00:00,0.408,9.4,0
2026-02-27 12:00:00,0.408,8.9,0
2026-02-27 13:00:00,0.409,8.5,0
2026-02-27 14:00:00,0.41,8,0
2026-02-27 15:00:00,0.409,7.6,0
2026-02-27 16:00:00,0.41,7.2,0
2026-02-27 17:00:00,0.41,6.8,0
2026-02-27 18:00:00,0.41,6.4,0
2026-02-27 19:00:00,0.411,6.1,0
2026-02-27 20:00:00,0.411,5.8,0
2026-02-27 21:00:00,0.411,5.5,0
2026-02-27 22:00:00,0.411,5.3,0
2026-02-27 23:00:00,0.411,5.1,0
2026-02-28 00:00:00,0.411,5.1,0
2026-02-28 01:00:00,0.41,5.5,0
2026-02-28 02:00:00,0.409,6.5,0
2026-02-28 03:00:00,0.408,7.9,0
2026-02-28 04:00:00,0.406,9.3,0
2026-02-28 05:00:00,0.405,10.7,0
2026-02-28 06:00:00,0.405,11.8,0
2026-02-28 07:00:00,0.404,12.4,0
2026-02-28 08:00:00,0.404,12.5,0
2026-02-28 09:00:00,0.404,12.2,0
2026-02-28 10:00:00,0.405,11.6,0
2026-02-28 11:00:00,0.405,11,0
2026-02-28 12:00:00,0.404,10.6,0
2026-02-28 13:00:00,0.404,10.2,0
2026-02-28 14:00:00,0.404,9.7,0
2026-02-28 15:00:00,0.404,9.2,0
2026-02-28 16:00:00,0.404,8.7,0
2026-02-28 17:00:00,0.404,8.3,0
2026-02-28 18:00:00,0.405,8,0
2026-02-28 19:00:00,0.405,7.6,0
2026-02-28 20:00:00,0.405,7.4,0
2026-02-28 21:00:00,0.405,7.2,0
2026-02-28 22:00:00,0.406,6.9,0
2026-02-28 23:00:00,0.406,6.6,0
2026-03-01 00:00:00,0.407,6.6,0
2026-03-01 01:00:00,0.407,7,0
2026-03-01 02:00:00,0.405,7.8,0
2026-03-01 03:00:00,0.404,8.8,0
2026-03-01 04:00:00,0.403,9.8,0
2026-03-01 05:00:00,0.402,10.6,0
2026-03-01 06:00:00,0.401,11.3,0
2026-03-01 07:00:00,0.401,11.6,0
2026-03-01 08:00:00,0.401,11.5,0
2026-03-01 09:00:00,0.401,11.3,0
2026-03-01 10:00:00,0.401,11,0
2026-03-01 11:00:00,0.401,10.7,0
2026-03-01 12:00:00,0.401,10.4,0
2026-03-01 13:00:00,0.401,10.2,0
2026-03-01 14:00:00,0.401,10,0
2026-03-01 15:00:00,0.402,9.9,2
2026-03-01 16:00:00,0.402,9.7,1.5
2026-03-01 17:00:00,0.411,9.4,2
2026-03-01 18:00:00,0.419,9.1,1.5
2026-03-01 19:00:00,0.419,8.8,2
2026-03-01 20:00:00,0.42,8.6,2.5
2026-03-01 21:00:00,0.42,8.5,1.5
2026-03-01 22:00:00,0.421,8.4,2.5
2026-03-01 23:00:00,0.421,8.3,0.5
2026-03-02 00:00:00,0.421,8.4,1
2026-03-02 01:00:00,0.421,8.4,0.5
2026-03-02 02:00:00,0.421,8.7,0
2026-03-02 03:00:00,0.42,8.9,0.5
2026-03-02 04:00:00,0.42,9.1,0.5
2026-03-02 05:00:00,0.421,9.3,2.5
2026-03-02 06:00:00,0.422,9.5,4
2026-03-02 07:00:00,0.422,9.5,3
2026-03-02 08:00:00,0.422,9.5,3.5
2026-03-02 09:00:00,0.423,9.3,2.5
2026-03-02 10:00:00,0.423,9.1,3
2026-03-02 11:00:00,0.423,8.9,2.5
2026-03-02 12:00:00,0.423,8.6,1
2026-03-02 13:00:00,0.424,8.4,1
2026-03-02 14:00:00,0.424,8.3,0.5
2026-03-02 15:00:00,0.424,8.2,0
2026-03-02 16:00:00,0.424,8.2,0
2026-03-02 17:00:00,0.423,8.1,0
2026-03-02 18:00:00,0.423,8.1,0
2026-03-02 19:00:00,0.423,8.1,0
2026-03-02 20:00:00,0.422,8,0
2026-03-02 21:00:00,0.42,8,0
2026-03-02 22:00:00,0.415,7.9,0
2026-03-02 23:00:00,0.415,7.9,0
2026-03-03 00:00:00,0.414,7.8,0
2026-03-03 01:00:00,0.414,8.1,0
2026-03-03 02:00:00,0.413,8.7,0
2026-03-03 03:00:00,0.412,9.5,0
2026-03-03 04:00:00,0.411,10.4,0
2026-03-03 05:00:00,0.411,11,0
2026-03-03 06:00:00,0.41,11.6,0
2026-03-03 07:00:00,0.409,12,0
2026-03-03 08:00:00,0.407,12,0
2026-03-03 09:00:00,0.408,11.7,0
2026-03-03 10:00:00,0.406,11.2,0
2026-03-03 11:00:00,0.407,10.7,0
2026-03-03 12:00:00,0.408,10.3,0
2026-03-03 13:00:00,0.408,9.9,0
2026-03-03 14:00:00,0.408,9.6,0
2026-03-03 15:00:00,0.408,9.2,0
2026-03-03 16:00:00,0.41,8.8,0
2026-03-03 17:00:00,0.41,8.4,0
2026-03-03 18:00:00,0.409,8,0
2026-03-03 19:00:00,0.409,7.6,0
2026-03-03 20:00:00,0.409,7.2,0
2026-03-03 21:00:00,0.409,6.9,0
2026-03-03 22:00:00,0.409,6.5,0
2026-03-03 23:00:00,0.41,6.3,0
2026-03-04 00:00:00,0.41,6.2,0
2026-03-04 01:00:00,0.409,6.7,0
2026-03-04 02:00:00,0.408,7.5,0
2026-03-04 03:00:00,0.407,8.6,0
2026-03-04 04:00:00,0.406,9.7,0
2026-03-04 05:00:00,0.405,10.7,0
2026-03-04 06:00:00,0.405,11.6,0
2026-03-04 07:00:00,0.404,12.2,0
2026-03-04 08:00:00,0.404,12.4,0
2026-03-04 09:00:00,0.404,12.1,0
2026-03-04 10:00:00,0.405,11.5,0
2026-03-04 11:00:00,0.405,10.8,0
2026-03-04 12:00:00,0.406,10.2,0
2026-03-04 13:00:00,0.406,9.6,0
2026-03-04 14:00:00,0.406,9.1,0
2026-03-04 15:00:00,0.407,8.6,0
2026-03-04 16:00:00,0.407,8.1,0
2026-03-04 17:00:00,0.407,7.7,0
2026-03-04 18:00:00,0.407,7.3,0
2026-03-04 19:00:00,0.408,6.9,0
2026-03-04 20:00:00,0.408,6.6,0
2026-03-04 21:00:00,0.408,6.3,0
2026-03-04 22:00:00,0.408,6,0
2026-03-04 23:00:00,0.409,5.8,0
2026-03-05 00:00:00,0.408,5.9,0
2026-03-05 01:00:00,0.408,6.4,0
2026-03-05 02:00:00,0.409,7.4,0
2026-03-05 03:00:00,0.406,8.6,0
2026-03-05 04:00:00,0.404,9.7,0
2026-03-05 05:00:00,0.404,10.5,0
2026-03-05 06:00:00,0.403,10.8,0
2026-03-05 07:00:00,0.403,11,0
2026-03-05 08:00:00,0.403,11,0
2026-03-05 09:00:00,0.403,10.8,0
2026-03-05 10:00:00,0.403,10.6,0
2026-03-05 11:00:00,0.403,10.3,0
2026-03-05 12:00:00,0.403,10,0
2026-03-05 13:00:00,0.403,9.7,0
2026-03-05 14:00:00,0.404,9.5,0
2026-03-05 15:00:00,0.41,9.1,1.5
2026-03-05 16:00:00,0.42,8.6,1
2026-03-05 17:00:00,0.421,8.3,0.5
2026-03-05 18:00:00,0.421,8.1,0
2026-03-05 19:00:00,0.421,8,0
2026-03-05 20:00:00,0.421,7.8,0
2026-03-05 21:00:00,0.421,7.6,0
2026-03-05 22:00:00,0.42,7.2,0
2026-03-05 23:00:00,0.416,7,0
2026-03-06 00:00:00,0.413,7,0
2026-03-06 01:00:00,0.412,7.2,0
2026-03-06 02:00:00,0.412,7.7,0
2026-03-06 03:00:00,0.411,8.3,0
2026-03-06 04:00:00,0.411,8.6,0
2026-03-06 05:00:00,0.41,9.1,0
2026-03-06 06:00:00,0.41,9.6,0.5
2026-03-06 07:00:00,0.41,9.9,0
2026-03-06 08:00:00,0.41,9.8,0
2026-03-06 09:00:00,0.41,9.4,0
2026-03-06 10:00:00,0.411,8.9,0
2026-03-06 11:00:00,0.411,8.4,0
2026-03-06 12:00:00,0.411,8,0
2026-03-06 13:00:00,0.412,7.6,0
2026-03-06 14:00:00,0.411,7.3,0
2026-03-06 15:00:00,0.411,7,0
2026-03-06 16:00:00,0.411,6.7,0
2026-03-06 17:00:00,0.41,6.5,0
2026-03-06 18:00:00,0.41,6.2,0
2026-03-06 19:00:00,0.411,6,0
2026-03-06 20:00:00,0.411,5.8,0
2026-03-06 21:00:00,0.411,5.5,0
2026-03-06 22:00:00,0.411,5.2,0
2026-03-06 23:00:00,0.411,5.1,0
2026-03-07 00:00:00,0.411,5.2,0
2026-03-07 01:00:00,0.411,5.4,0
2026-03-07 02:00:00,0.411,5.8,0
2026-03-07 03:00:00,0.41,6.6,0
2026-03-07 04:00:00,0.41,7.5,0
2026-03-07 05:00:00,0.409,8.4,0
2026-03-07 06:00:00,0.408,9,0
2026-03-07 07:00:00,0.408,9.4,0
2026-03-07 08:00:00,0.407,9.5,0
2026-03-07 09:00:00,0.407,9.1,0
2026-03-07 10:00:00,0.408,8.4,0
2026-03-07 11:00:00,0.408,7.7,0
2026-03-07 12:00:00,0.408,7.1,0
2026-03-07 13:00:00,0.409,6.5,0
2026-03-07 14:00:00,0.409,6,0
2026-03-07 15:00:00,0.409,5.7,0
2026-03-07 16:00:00,0.409,5.3,0
2026-03-07 17:00:00,0.41,5,0
2026-03-07 18:00:00,0.41,4.8,0
2026-03-07 19:00:00,0.409,4.5,0
2026-03-07 20:00:00,0.409,4.3,0
2026-03-07 21:00:00,0.409,4.1,0
2026-03-07 22:00:00,0.409,3.9,0
2026-03-07 23:00:00,0.409,3.8,0
2026-03-08 00:00:00,0.409,3.6,0
2026-03-08 01:00:00,0.409,3.6,0
2026-03-08 02:00:00,0.408,4,0
2026-03-08 03:00:00,0.407,5.1,0
2026-03-08 04:00:00,0.406,6.5,0
2026-03-08 05:00:00,0.405,7.9,0
2026-03-08 06:00:00,0.404,8.9,0
2026-03-08 07:00:00,0.404,9.4,0
2026-03-08 08:00:00,0.404,9.6,0
2026-03-08 09:00:00,0.404,9.3,0
2026-03-08 10:00:00,0.404,8.7,0
2026-03-08 11:00:00,0.405,8.1,0
2026-03-08 12:00:00,0.405,7.5,0
2026-03-08 13:00:00,0.406,6.9,0
2026-03-08 14:00:00,0.406,6.4,0
2026-03-08 15:00:00,0.406,5.9,0
2026-03-08 16:00:00,0.407,5.6,0
2026-03-08 17:00:00,0.407,5.3,0
2026-03-08 18:00:00,0.407,5,0
2026-03-08 19:00:00,0.407,4.8,0
2026-03-08 20:00:00,0.407,4.5,0
2026-03-08 21:00:00,0.407,4.3,0
2026-03-08 22:00:00,0.408,4.2,0
2026-03-08 23:00:00,0.408,4,0
2026-03-09 00:00:00,0.408,3.9,0
2026-03-09 01:00:00,0.408,3.9,0
2026-03-09 02:00:00,0.407,4.3,0
2026-03-09 03:00:00,0.407,4.9,0
2026-03-09 04:00:00,0.406,5.7,0
2026-03-09 05:00:00,0.405,6.5,0
2026-03-09 06:00:00,0.405,7.1,0
2026-03-09 07:00:00,0.404,7.5,0
2026-03-09 08:00:00,0.404,7.5,0
2026-03-09 09:00:00,0.404,7.3,0
2026-03-09 10:00:00,0.405,6.8,0
2026-03-09 11:00:00,0.405,6.3,0
2026-03-09 12:00:00,0.405,5.9,0
2026-03-09 13:00:00,0.405,5.5,0
2026-03-09 14:00:00,0.405,5.1,0
2026-03-09 15:00:00,0.405,4.8,0
2026-03-09 16:00:00,0.406,4.5,0
2026-03-09 17:00:00,0.406,4.3,0
2026-03-09 18:00:00,0.406,4.1,0
2026-03-09 19:00:00,0.406,3.9,0
2026-03-09 20:00:00,0.406,3.7,0
2026-03-09 21:00:00,0.406,3.5,0
2026-03-09 22:00:00,0.406,3.4,0
2026-03-09 23:00:00,0.406,3.2,0
2026-03-10 00:00:00,0.406,3.1,0
2026-03-10 01:00:00,0.406,3.2,0
2026-03-10 02:00:00,0.405,3.7,0
2026-03-10 03:00:00,0.404,5.1,0
2026-03-10 04:00:00,0.403,6.6,0
2026-03-10 05:00:00,0.402,8.1,0
2026-03-10 06:00:00,0.4,9.3,0
2026-03-10 07:00:00,0.4,10,0
2026-03-10 08:00:00,0.4,10.1,0
2026-03-10 09:00:00,0.4,9.8,0
2026-03-10 10:00:00,0.4,9.1,0
2026-03-10 11:00:00,0.4,8.4,0
2026-03-10 12:00:00,0.4,7.7,0
2026-03-10 13:00:00,0.4,7.1,0
2026-03-10 14:00:00,0.4,6.5,0
2026-03-10 15:00:00,0.4,6,0
2026-03-10 16:00:00,0.401,5.6,0
2026-03-10 17:00:00,0.401,5.2,0
2026-03-10 18:00:00,0.401,4.9,0
2026-03-10 19:00:00,0.401,4.6,0
2026-03-10 20:00:00,0.401,4.4,0
2026-03-10 21:00:00,0.401,4.2,0
2026-03-10 22:00:00,0.401,4,0
2026-03-10 23:00:00,0.401,3.8,0
2026-03-11 00:00:00,0.401,3.6,0
2026-03-11 01:00:00,0.4,3.8,0
2026-03-11 02:00:00,0.4,4.6,0
2026-03-11 03:00:00,0.399,5.9,0
2026-03-11 04:00:00,0.397,7.3,0
2026-03-11 05:00:00,0.396,8.5,0
2026-03-11 06:00:00,0.395,9.4,0
2026-03-11 07:00:00,0.395,9.9,0
2026-03-11 08:00:00,0.394,10,0
2026-03-11 09:00:00,0.394,9.8,0
2026-03-11 10:00:00,0.395,9.3,0
2026-03-11 11:00:00,0.395,8.7,0
2026-03-11 12:00:00,0.395,8.1,0
2026-03-11 13:00:00,0.395,7.6,0
2026-03-11 14:00:00,0.395,7.1,0
2026-03-11 15:00:00,0.395,6.6,0
2026-03-11 16:00:00,0.395,6.3,0
2026-03-11 17:00:00,0.395,5.9,0
2026-03-11 18:00:00,0.396,5.5,0
2026-03-11 19:00:00,0.396,5.3,0
2026-03-11 20:00:00,0.396,5,0
2026-03-11 21:00:00,0.396,4.8,0
2026-03-11 22:00:00,0.396,4.5,0
2026-03-11 23:00:00,0.395,4.3,0
2026-03-12 00:00:00,0.395,4.4,0
2026-03-12 01:00:00,0.394,4.8,0
2026-03-12 02:00:00,0.394,5.7,0
2026-03-12 03:00:00,0.392,6.8,0
2026-03-12 04:00:00,0.391,8.1,0
2026-03-12 05:00:00,0.39,9.1,0
2026-03-12 06:00:00,0.389,10,0
2026-03-12 07:00:00,0.388,10.5,0
2026-03-12 08:00:00,0.387,10.6,0
2026-03-12 09:00:00,0.387,10.4,0
2026-03-12 10:00:00,0.387,9.9,0
2026-03-12 11:00:00,0.387,9.3,0
2026-03-12 12:00:00,0.387,8.7,0
2026-03-12 13:00:00,0.387,8.2,0
2026-03-12 14:00:00,0.387,7.7,0
2026-03-12 15:00:00,0.387,7.3,0
2026-03-12 16:00:00,0.387,6.8,0
2026-03-12 17:00:00,0.387,6.4,0
2026-03-12 18:00:00,0.387,6.1,0
2026-03-12 19:00:00,0.387,5.7,0
2026-03-12 20:00:00,0.388,5.4,0
2026-03-12 21:00:00,0.387,5.1,0
2026-03-12 22:00:00,0.387,4.9,0
2026-03-12 23:00:00,0.387,4.6,0
2026-03-13 00:00:00,0.387,4.7,0
2026-03-13 01:00:00,0.386,5.2,0
2026-03-13 02:00:00,0.385,6.2,0
2026-03-13 03:00:00,0.384,7.4,0
2026-03-13 04:00:00,0.383,8.7,0
2026-03-13 05:00:00,0.382,10,0
2026-03-13 06:00:00,0.381,11,0
2026-03-13 07:00:00,0.38,11.6,0
2026-03-13 08:00:00,0.379,11.8,0
2026-03-13 09:00:00,0.379,11.5,0
2026-03-13 10:00:00,0.379,10.9,0
2026-03-13 11:00:00,0.379,10.2,0
2026-03-13 12:00:00,0.379,9.6,0
2026-03-13 13:00:00,0.379,9,0
2026-03-13 14:00:00,0.379,8.4,0
2026-03-13 15:00:00,0.379,7.9,0
2026-03-13 16:00:00,0.379,7.4,0
2026-03-13 17:00:00,0.379,7,0
2026-03-13 18:00:00,0.379,6.6,0
2026-03-13 19:00:00,0.379,6.3,0
2026-03-13 20:00:00,0.379,5.9,0
2026-03-13 21:00:00,0.379,5.6,0
2026-03-13 22:00:00,0.379,5.3,0
2026-03-13 23:00:00,0.379,5.1,0
2026-03-14 00:00:00,0.378,5.2,0
2026-03-14 01:00:00,0.377,5.8,0
2026-03-14 02:00:00,0.376,6.7,0
2026-03-14 03:00:00,0.375,7.9,0
2026-03-14 04:00:00,0.374,9.2,0
2026-03-14 05:00:00,0.372,10.5,0
2026-03-14 06:00:00,0.371,11.4,0
2026-03-14 07:00:00,0.37,11.9,0
2026-03-14 08:00:00,0.37,12,0
2026-03-14 09:00:00,0.37,11.7,0
2026-03-14 10:00:00,0.369,11.1,0
2026-03-14 11:00:00,0.37,10.4,0
2026-03-14 12:00:00,0.37,9.7,0
2026-03-14 13:00:00,0.37,9.1,0
2026-03-14 14:00:00,0.37,8.5,0
2026-03-14 15:00:00,0.369,8,0
2026-03-14 16:00:00,0.369,7.6,0
2026-03-14 17:00:00,0.369,7.2,0
2026-03-14 18:00:00,0.369,7,0
2026-03-14 19:00:00,0.369,6.8,0
2026-03-14 20:00:00,0.368,6.7,0
2026-03-14 21:00:00,0.368,6.6,0
2026-03-14 22:00:00,0.368,6.6,0
2026-03-14 23:00:00,0.368,6.5,0
2026-03-15 00:00:00,0.368,6.6,0
2026-03-15 01:00:00,0.367,6.8,0
2026-03-15 02:00:00,0.367,7.1,0
2026-03-15 03:00:00,0.366,7.6,0
2026-03-15 04:00:00,0.365,8.4,0
2026-03-15 05:00:00,0.364,9.2,0
2026-03-15 06:00:00,0.364,9.8,0
2026-03-15 07:00:00,0.363,10.2,0
2026-03-15 08:00:00,0.363,10.2,0
2026-03-15 09:00:00,0.363,10,0
2026-03-15 10:00:00,0.363,9.7,0
2026-03-15 11:00:00,0.363,9.3,0
2026-03-15 12:00:00,0.362,9,0
2026-03-15 13:00:00,0.362,8.5,0
2026-03-15 14:00:00,0.362,8.1,0
2026-03-15 15:00:00,0.362,7.6,0
2026-03-15 16:00:00,0.362,7.2,0
2026-03-15 17:00:00,0.362,6.9,0
2026-03-15 18:00:00,0.362,6.7,0
2026-03-15 19:00:00,0.362,6.4,0
2026-03-15 20:00:00,0.362,6.1,0
2026-03-15 21:00:00,0.362,5.8,0
2026-03-15 22:00:00,0.362,5.5,0
2026-03-15 23:00:00,0.362,5.3,0
2026-03-16 00:00:00,0.361,5.4,0
2026-03-16 01:00:00,0.361,5.9,0
2026-03-16 02:00:00,0.36,6.7,0
2026-03-16 03:00:00,0.359,7.8,0
2026-03-16 04:00:00,0.358,8.8,0
2026-03-16 05:00:00,0.357,9.9,0
2026-03-16 06:00:00,0.356,10.7,0
2026-03-16 07:00:00,0.355,10.9,0
2026-03-16 08:00:00,0.355,10.9,0
2026-03-16 09:00:00,0.355,10.7,0
2026-03-16 10:00:00,0.355,10.4,0
2026-03-16 11:00:00,0.355,9.9,0
2026-03-16 12:00:00,0.355,9.3,0
2026-03-16 13:00:00,0.355,8.9,0
2026-03-16 14:00:00,0.354,8.4,0
2026-03-16 15:00:00,0.355,8,0
2026-03-16 16:00:00,0.354,7.7,0
2026-03-16 17:00:00,0.354,7.3,0
2026-03-16 18:00:00,0.354,7,0
2026-03-16 19:00:00,0.354,6.8,0
2026-03-16 20:00:00,0.354,6.5,0
2026-03-16 21:00:00,0.354,6.2,0
2026-03-16 22:00:00,0.354,5.9,0
2026-03-16 23:00:00,0.354,5.7,0
2026-03-17 00:00:00,0.354,5.8,0
2026-03-17 01:00:00,0.353,6.4,0
2026-03-17 02:00:00,0.352,7.3,0
2026-03-17 03:00:00,0.351,8.6,0
2026-03-17 04:00:00,0.349,10.1,0
2026-03-17 05:00:00,0.348,11.5,0
2026-03-17 06:00:00,0.347,12.7,0
2026-03-17 07:00:00,0.348,13.3,0
2026-03-17 08:00:00,0.347,13.3,0
2026-03-17 09:00:00,0.347,12.9,0
2026-03-17 10:00:00,0.347,12.3,0
2026-03-17 11:00:00,0.346,11.7,0
2026-03-17 12:00:00,0.347,11,0
2026-03-17 13:00:00,0.347,10.4,0
2026-03-17 14:00:00,0.346,10,0
2026-03-17 15:00:00,0.346,9.7,0.5
2026-03-17 16:00:00,0.346,9.4,1.5
2026-03-17 17:00:00,0.346,9.3,2.5
2026-03-17 18:00:00,0.346,9.2,3.5
2026-03-17 19:00:00,0.347,9.2,3.5
2026-03-17 20:00:00,0.404,9,1
2026-03-17 21:00:00,0.414,9,1
2026-03-17 22:00:00,0.415,9.1,2.5
2026-03-17 23:00:00,0.416,9.2,1.5
2026-03-18 00:00:00,0.416,9.4,0.5
2026-03-18 01:00:00,0.416,9.6,1
2026-03-18 02:00:00,0.417,9.9,0.5
2026-03-18 03:00:00,0.417,10.1,1
2026-03-18 04:00:00,0.417,10.1,0
2026-03-18 05:00:00,0.416,10,0
2026-03-18 06:00:00,0.416,9.9,0
2026-03-18 07:00:00,0.415,9.8,0
2026-03-18 08:00:00,0.415,9.6,0
2026-03-18 09:00:00,0.414,9.5,0
2026-03-18 10:00:00,0.414,9.4,0
2026-03-18 11:00:00,0.41,9.2,0
2026-03-18 12:00:00,0.407,9,0
2026-03-18 13:00:00,0.407,8.7,0
2026-03-18 14:00:00,0.406,8.5,0
2026-03-18 15:00:00,0.406,8.2,0
2026-03-18 16:00:00,0.407,7.8,0
2026-03-18 17:00:00,0.407,7.5,0
2026-03-18 18:00:00,0.407,7.2,0
2026-03-18 19:00:00,0.407,6.9,0
2026-03-18 20:00:00,0.407,6.6,0
2026-03-18 21:00:00,0.407,6.3,0
2026-03-18 22:00:00,0.407,6,0
2026-03-18 23:00:00,0.408,5.8,0
2026-03-19 00:00:00,0.407,5.9,0
2026-03-19 01:00:00,0.407,6.4,0
2026-03-19 02:00:00,0.406,7.2,0
2026-03-19 03:00:00,0.404,8.3,0
2026-03-19 04:00:00,0.403,9.5,0
2026-03-19 05:00:00,0.402,10.8,0
2026-03-19 06:00:00,0.401,11.9,0
2026-03-19 07:00:00,0.4,12.5,0
2026-03-19 08:00:00,0.4,12.8,0
2026-03-19 09:00:00,0.4,12.5,0
2026-03-19 10:00:00,0.4,11.8,0
2026-03-19 11:00:00,0.395,11,0
2026-03-19 12:00:00,0.395,10.3,0
2026-03-19 13:00:00,0.395,9.6,0
2026-03-19 14:00:00,0.395,9.1,0
2026-03-19 15:00:00,0.396,8.6,0
2026-03-19 16:00:00,0.396,8.1,0
2026-03-19 17:00:00,0.396,7.7,0
2026-03-19 18:00:00,0.396,7.4,0
2026-03-19 19:00:00,0.396,7.1,0
2026-03-19 20:00:00,0.396,6.8,0
2026-03-19 21:00:00,0.396,6.6,0
2026-03-19 22:00:00,0.396,6.3,0
2026-03-19 23:00:00,0.396,6.2,0
2026-03-20 00:00:00,0.396,6.3,0
2026-03-20 01:00:00,0.395,6.8,0
2026-03-20 02:00:00,0.394,7.6,0
2026-03-20 03:00:00,0.393,8.7,0
2026-03-20 04:00:00,0.392,9.9,0
2026-03-20 05:00:00,0.391,11,0
2026-03-20 06:00:00,0.39,12,0
2026-03-20 07:00:00,0.39,12.6,0
2026-03-20 08:00:00,0.389,12.9,0
2026-03-20 09:00:00,0.389,12.7,0
2026-03-20 10:00:00,0.389,12.1,0
2026-03-20 11:00:00,0.39,11.5,0
2026-03-20 12:00:00,0.39,10.8,0
2026-03-20 13:00:00,0.39,10.2,0
2026-03-20 14:00:00,0.39,9.7,0
2026-03-20 15:00:00,0.391,9.1,0
2026-03-20 16:00:00,0.391,8.7,0
2026-03-20 17:00:00,0.391,8.2,0
2026-03-20 18:00:00,0.391,7.8,0
2026-03-20 19:00:00,0.392,7.5,0
2026-03-20 20:00:00,0.392,7.3,0
2026-03-20 21:00:00,0.392,7,0
2026-03-20 22:00:00,0.392,6.8,0
2026-03-20 23:00:00,0.392,6.8,0
2026-03-21 00:00:00,0.392,6.9,0
2026-03-21 01:00:00,0.392,7.3,0
2026-03-21 02:00:00,0.391,8.1,0
2026-03-21 03:00:00,0.39,9.2,0
2026-03-21 04:00:00,0.389,10.6,0
2026-03-21 05:00:00,0.387,11.9,0
2026-03-21 06:00:00,0.386,12.9,0
2026-03-21 07:00:00,0.385,13.5,0
2026-03-21 08:00:00,0.385,13.6,0
2026-03-21 09:00:00,0.384,13.3,0
2026-03-21 10:00:00,0.384,12.6,0
2026-03-21 11:00:00,0.384,11.8,0
2026-03-21 12:00:00,0.384,11,0
2026-03-21 13:00:00,0.385,10.3,0
2026-03-21 14:00:00,0.385,9.6,0
2026-03-21 15:00:00,0.385,9.1,0
2026-03-21 16:00:00,0.385,8.7,0
2026-03-21 17:00:00,0.384,8.3,0
2026-03-21 18:00:00,0.383,8.1,0
2026-03-21 19:00:00,0.383,7.8,0
2026-03-21 20:00:00,0.383,7.6,0
2026-03-21 21:00:00,0.383,7.4,0
2026-03-21 22:00:00,0.383,7.2,0
2026-03-21 23:00:00,0.383,7.2,0
2026-03-22 00:00:00,0.382,7.3,0
2026-03-22 01:00:00,0.382,7.7,0
2026-03-22 02:00:00,0.381,8.3,0
2026-03-22 03:00:00,0.38,9,0
2026-03-22 04:00:00,0.379,10.1,0
2026-03-22 05:00:00,0.377,11.4,0
2026-03-22 06:00:00,0.376,12.5,0
2026-03-22 07:00:00,0.375,13.2,0
2026-03-22 08:00:00,0.374,13.6,0
2026-03-22 09:00:00,0.374,13.3,0
2026-03-22 10:00:00,0.374,12.7,0
2026-03-22 11:00:00,0.374,11.9,0
2026-03-22 12:00:00,0.373,11.2,0
2026-03-22 13:00:00,0.373,10.5,0
2026-03-22 14:00:00,0.373,9.9,0
2026-03-22 15:00:00,0.373,9.3,0
2026-03-22 16:00:00,0.373,8.9,0
2026-03-22 17:00:00,0.373,8.4,0
2026-03-22 18:00:00,0.373,8,0
2026-03-22 19:00:00,0.373,7.6,0
2026-03-22 20:00:00,0.373,7.3,0
2026-03-22 21:00:00,0.373,7,0
2026-03-22 22:00:00,0.372,6.7,0
2026-03-22 23:00:00,0.372,6.5,0
2026-03-23 00:00:00,0.372,6.7,0
2026-03-23 01:00:00,0.371,7.2,0
2026-03-23 02:00:00,0.37,8.1,0
2026-03-23 03:00:00,0.368,9.3,0
2026-03-23 04:00:00,0.366,10.7,0
2026-03-23 05:00:00,0.365,12,0
2026-03-23 06:00:00,0.363,13.1,0
2026-03-23 07:00:00,0.362,13.9,0
2026-03-23 08:00:00,0.361,14.2,0
2026-03-23 09:00:00,0.361,14,0
2026-03-23 10:00:00,0.36,13.4,0
2026-03-23 11:00:00,0.36,12.7,0
2026-03-23 12:00:00,0.36,12,0
2026-03-23 13:00:00,0.36,11.3,0
2026-03-23 14:00:00,0.359,10.7,0
2026-03-23 15:00:00,0.359,10.2,0
2026-03-23 16:00:00,0.359,9.7,0
2026-03-23 17:00:00,0.359,9.3,0
2026-03-23 18:00:00,0.36,8.9,0
2026-03-23 19:00:00,0.359,8.6,0
2026-03-23 20:00:00,0.359,8.2,0
2026-03-23 21:00:00,0.358,8,0
2026-03-23 22:00:00,0.358,7.8,0
2026-03-23 23:00:00,0.358,7.7,0
2026-03-24 00:00:00,0.357,7.9,0
2026-03-24 01:00:00,0.356,8.5,0
2026-03-24 02:00:00,0.355,9.3,0
2026-03-24 03:00:00,0.354,10.4,0
2026-03-24 04:00:00,0.352,11.7,0
2026-03-24 05:00:00,0.351,12.6,0
2026-03-24 06:00:00,0.35,13.2,0
2026-03-24 07:00:00,0.349,13.5,0
2026-03-24 08:00:00,0.349,13.5,0
2026-03-24 09:00:00,0.348,13.2,0
2026-03-24 10:00:00,0.348,12.9,0
2026-03-24 11:00:00,0.348,12.5,0
2026-03-24 12:00:00,0.348,12.2,0
2026-03-24 13:00:00,0.348,11.9,0
2026-03-24 14:00:00,0.347,11.7,0
2026-03-24 15:00:00,0.347,11.5,0
2026-03-24 16:00:00,0.347,11.3,0
2026-03-24 17:00:00,0.347,11.1,0
2026-03-24 18:00:00,0.347,11,0
2026-03-24 19:00:00,0.346,10.9,0
2026-03-24 20:00:00,0.346,10.7,0
2026-03-24 21:00:00,0.346,10.6,0
2026-03-24 22:00:00,0.346,10.5,0
2026-03-24 23:00:00,0.346,10.4,0
2026-03-25 00:00:00,0.346,10.5,0
2026-03-25 01:00:00,0.346,10.7,0
2026-03-25 02:00:00,0.346,11,0
2026-03-25 03:00:00,0.345,11.3,0
2026-03-25 04:00:00,0.344,12,0
2026-03-25 05:00:00,0.343,13.1,0
2026-03-25 06:00:00,0.342,14.1,0
2026-03-25 07:00:00,0.341,14.9,0
2026-03-25 08:00:00,0.341,15.2,0
2026-03-25 09:00:00,0.34,15,0
2026-03-25 10:00:00,0.341,14.4,0
2026-03-25 11:00:00,0.341,13.7,0
2026-03-25 12:00:00,0.341,13.1,0
2026-03-25 13:00:00,0.341,12.5,0
2026-03-25 14:00:00,0.341,12,0
2026-03-25 15:00:00,0.341,11.6,0
2026-03-25 16:00:00,0.34,11.1,0
2026-03-25 17:00:00,0.34,10.7,0
2026-03-25 18:00:00,0.34,10.3,0
2026-03-25 19:00:00,0.341,10,0
2026-03-25 20:00:00,0.341,9.7,0
2026-03-25 21:00:00,0.34,9.6,0
2026-03-25 22:00:00,0.34,9.5,0
2026-03-25 23:00:00,0.34,9.3,0
2026-03-26 00:00:00,0.34,9.5,0
2026-03-26 01:00:00,0.339,9.9,0
2026-03-26 02:00:00,0.339,10.6,0
2026-03-26 03:00:00,0.337,11.6,0
2026-03-26 04:00:00,0.336,12.8,0
2026-03-26 05:00:00,0.336,14,0
2026-03-26 06:00:00,0.335,15,0
2026-03-26 07:00:00,0.334,15.6,0
2026-03-26 08:00:00,0.333,15.7,0
2026-03-26 09:00:00,0.333,15.3,0
2026-03-26 10:00:00,0.333,14.6,0
2026-03-26 11:00:00,0.333,13.9,0
2026-03-26 12:00:00,0.333,13.2,0
2026-03-26 13:00:00,0.333,12.6,0
2026-03-26 14:00:00,0.333,12.1,0
2026-03-26 15:00:00,0.333,11.7,0
2026-03-26 16:00:00,0.333,11.2,0
2026-03-26 17:00:00,0.333,10.8,0
2026-03-26 18:00:00,0.333,10.4,0
2026-03-26 19:00:00,0.333,10.1,0
2026-03-26 20:00:00,0.333,9.8,0
2026-03-26 21:00:00,0.333,9.5,0
2026-03-26 22:00:00,0.333,9.2,0
2026-03-26 23:00:00,0.333,9.1,0
2026-03-27 00:00:00,0.332,9.3,0
2026-03-27 01:00:00,0.332,9.8,0
2026-03-27 02:00:00,0.331,10.6,0
2026-03-27 03:00:00,0.33,11.6,0
2026-03-27 04:00:00,0.328,12.7,0
2026-03-27 05:00:00,0.327,13.9,0
2026-03-27 06:00:00,0.326,14.9,0
2026-03-27 07:00:00,0.325,15.5,0
2026-03-27 08:00:00,0.324,15.6,0
2026-03-27 09:00:00,0.324,15.3,0
2026-03-27 10:00:00,0.324,14.7,0
2026-03-27 11:00:00,0.324,14,0
2026-03-27 12:00:00,0.324,13.4,0
2026-03-27 13:00:00,0.324,12.9,0
2026-03-27 14:00:00,0.324,12.5,0
2026-03-27 15:00:00,0.324,12.1,0
2026-03-27 16:00:00,0.324,11.8,0
2026-03-27 17:00:00,0.324,11.7,0
2026-03-27 18:00:00,0.324,11.6,0
2026-03-27 19:00:00,0.324,11.5,0
2026-03-27 20:00:00,0.324,11.3,0
2026-03-27 21:00:00,0.324,11.1,0
2026-03-27 22:00:00,0.324,10.8,0
2026-03-27 23:00:00,0.324,10.6,0
2026-03-28 00:00:00,0.324,10.6,0
2026-03-28 01:00:00,0.323,11,0
2026-03-28 02:00:00,0.322,11.6,0
2026-03-28 03:00:00,0.321,12.5,0
2026-03-28 04:00:00,0.32,13.7,0
2026-03-28 05:00:00,0.319,15,0
2026-03-28 06:00:00,0.317,16,0
2026-03-28 07:00:00,0.317,16.5,0
2026-03-28 08:00:00,0.316,16.6,0
2026-03-28 09:00:00,0.316,16.1,0
2026-03-28 10:00:00,0.316,15.4,0
2026-03-28 11:00:00,0.316,14.6,0
2026-03-28 12:00:00,0.316,13.8,0
2026-03-28 13:00:00,0.317,13.2,0
2026-03-28 14:00:00,0.317,12.5,0
2026-03-28 15:00:00,0.317,11.9,0
2026-03-28 16:00:00,0.317,11.4,0
2026-03-28 17:00:00,0.317,11,0
2026-03-28 18:00:00,0.317,10.6,0
2026-03-28 19:00:00,0.317,10.3,0
2026-03-28 20:00:00,0.317,10,0
2026-03-28 21:00:00,0.317,9.8,0
2026-03-28 22:00:00,0.317,9.5,0
2026-03-28 23:00:00,0.317,9.4,0
2026-03-29 00:00:00,0.317,9.6,0
2026-03-29 01:00:00,0.316,10.1,0
2026-03-29 02:00:00,0.315,11,0
2026-03-29 03:00:00,0.314,12,0
2026-03-29 04:00:00,0.313,13.2,0
2026-03-29 05:00:00,0.312,14.5,0
2026-03-29 06:00:00,0.311,15.5,0
2026-03-29 07:00:00,0.31,15.9,0
2026-03-29 08:00:00,0.31,16,0
2026-03-29 09:00:00,0.31,15.7,0
2026-03-29 10:00:00,0.31,15.4,0
2026-03-29 11:00:00,0.31,14.9,0
2026-03-29 12:00:00,0.31,14.4,0
2026-03-29 13:00:00,0.31,13.9,0
2026-03-29 14:00:00,0.31,13.4,0
2026-03-29 15:00:00,0.31,12.9,0
2026-03-29 16:00:00,0.311,12.5,0
2026-03-29 17:00:00,0.311,12.2,0
2026-03-29 18:00:00,0.311,12,0
2026-03-29 19:00:00,0.311,11.8,0
2026-03-29 20:00:00,0.311,11.6,0
2026-03-29 21:00:00,0.311,11.4,0
2026-03-29 22:00:00,0.311,11.3,0
2026-03-29 23:00:00,0.311,11.3,0
2026-03-30 00:00:00,0.311,11.5,0
2026-03-30 01:00:00,0.31,11.8,0
2026-03-30 02:00:00,0.31,12.3,0
2026-03-30 03:00:00,0.31,12.7,0
2026-03-30 04:00:00,0.309,13,0
2026-03-30 05:00:00,0.309,13.1,0.5
2026-03-30 06:00:00,0.309,13.2,1
2026-03-30 07:00:00,0.309,13.3,2
2026-03-30 08:00:00,0.309,13.3,3
2026-03-30 09:00:00,0.352,13.3,6.5
2026-03-30 10:00:00,0.405,13.4,1.5
2026-03-30 11:00:00,0.407,13.2,7.5
2026-03-30 12:00:00,0.408,13,7.5
2026-03-30 13:00:00,0.409,12.8,8
2026-03-30 14:00:00,0.41,12.6,4
2026-03-30 15:00:00,0.411,12.4,1.5
2026-03-30 16:00:00,0.411,12.3,0.5
2026-03-30 17:00:00,0.412,12.2,0
2026-03-30 18:00:00,0.412,12.1,0
2026-03-30 19:00:00,0.413,12,0
2026-03-30 20:00:00,0.412,12,0
2026-03-30 21:00:00,0.412,11.9,0
2026-03-30 22:00:00,0.411,11.9,0
2026-03-30 23:00:00,0.411,11.9,0
2026-03-31 00:00:00,0.409,12,0
2026-03-31 01:00:00,0.408,12.3,0
2026-03-31 02:00:00,0.407,12.7,0
2026-03-31 03:00:00,0.405,13.4,0
2026-03-31 04:00:00,0.403,14.3,0
2026-03-31 05:00:00,0.402,15.3,0
2026-03-31 06:00:00,0.401,16.1,0
2026-03-31 07:00:00,0.401,16.3,0
2026-03-31 08:00:00,0.401,16.2,0
2026-03-31 09:00:00,0.4,16,0
2026-03-31 10:00:00,0.399,15.6,0
2026-03-31 11:00:00,0.4,15.1,0
2026-03-31 12:00:00,0.4,14.8,0
2026-03-31 13:00:00,0.398,14.4,0
2026-03-31 14:00:00,0.393,14.1,0
2026-03-31 15:00:00,0.392,13.8,0
2026-03-31 16:00:00,0.389,13.5,0
2026-03-31 17:00:00,0.389,13.3,0
2026-03-31 18:00:00,0.388,13.1,0
2026-03-31 19:00:00,0.388,13,0
2026-03-31 20:00:00,0.388,12.8,0
2026-03-31 21:00:00,0.388,12.7,0
2026-03-31 22:00:00,0.388,12.5,0
2026-03-31 23:00:00,0.388,12.5,0
2026-04-01 00:00:00,0.387,12.7,0
2026-04-01 01:00:00,0.387,12.9,0
2026-04-01 02:00:00,0.387,13.2,0
2026-04-01 03:00:00,0.386,13.6,0
2026-04-01 04:00:00,0.386,14,0
2026-04-01 05:00:00,0.385,14.2,0
2026-04-01 06:00:00,0.385,14.4,0
2026-04-01 07:00:00,0.384,14.6,0
2026-04-01 08:00:00,0.384,14.6,0
2026-04-01 09:00:00,0.384,14.5,0
2026-04-01 10:00:00,0.384,14.2,0
2026-04-01 11:00:00,0.384,13.8,0
2026-04-01 12:00:00,0.384,13.5,0
2026-04-01 13:00:00,0.384,13.1,0
2026-04-01 14:00:00,0.384,12.7,0
2026-04-01 15:00:00,0.385,12.3,0
2026-04-01 16:00:00,0.385,11.9,0
2026-04-01 17:00:00,0.385,11.5,0
2026-04-01 18:00:00,0.385,11.2,0
2026-04-01 19:00:00,0.385,10.8,0
2026-04-01 20:00:00,0.385,10.5,0
2026-04-01 21:00:00,0.385,10.2,0
2026-04-01 22:00:00,0.384,9.9,99.9
2026-04-01 23:00:00,0.384,9.8,0
2026-04-02 00:00:00,0.384,9.9,0
2026-04-02 01:00:00,0.383,10.4,99.9
2026-04-02 02:00:00,0.382,11.1,0
2026-04-02 03:00:00,0.381,12,0
2026-04-02 04:00:00,0.38,13,0
2026-04-02 05:00:00,0.379,14.2,0
2026-04-02 06:00:00,0.377,15.2,0
2026-04-02 07:00:00,0.376,16,0
2026-04-02 08:00:00,0.376,16.2,0
2026-04-02 09:00:00,0.376,16,0
2026-04-02 10:00:00,0.376,15.5,0
2026-04-02 11:00:00,0.376,14.9,0
2026-04-02 12:00:00,0.376,14.3,0
2026-04-02 13:00:00,0.376,13.8,0
2026-04-02 14:00:00,0.376,13.3,0
2026-04-02 15:00:00,0.376,12.9,0
2026-04-02 16:00:00,0.376,12.7,0
2026-04-02 17:00:00,0.376,12.5,0
2026-04-02 18:00:00,0.376,12.3,0
2026-04-02 19:00:00,0.376,12.1,0
2026-04-02 20:00:00,0.376,11.9,0
2026-04-02 21:00:00,0.376,11.7,0
2026-04-02 22:00:00,0.376,11.6,0
2026-04-02 23:00:00,0.376,11.5,0
2026-04-03 00:00:00,0.376,11.6,0
2026-04-03 01:00:00,0.375,12,0
2026-04-03 02:00:00,0.374,12.6,0
2026-04-03 03:00:00,0.373,13.4,0
2026-04-03 04:00:00,0.372,14.2,0
2026-04-03 05:00:00,0.371,15,0
2026-04-03 06:00:00,0.369,15.6,0
2026-04-03 07:00:00,0.369,15.6,0
2026-04-03 08:00:00,0.368,15.4,0
2026-04-03 09:00:00,0.368,15,0
2026-04-03 10:00:00,0.368,14.7,0
2026-04-03 11:00:00,0.368,14.4,0
2026-04-03 12:00:00,0.368,14.1,0
2026-04-03 13:00:00,0.368,14,0
2026-04-03 14:00:00,0.369,13.8,0
2026-04-03 15:00:00,0.395,13.6,3.5
2026-04-03 16:00:00,0.401,13.4,3.5
2026-04-03 17:00:00,0.403,13.2,3
2026-04-03 18:00:00,0.404,13.1,11.5
2026-04-03 19:00:00,0.405,12.9,6
2026-04-03 20:00:00,0.405,12.9,3
2026-04-03 21:00:00,0.406,12.8,1.5
2026-04-03 22:00:00,0.407,12.7,0.5
2026-04-03 23:00:00,0.407,12.6,0.5
2026-04-04 00:00:00,0.407,12.8,0
2026-04-04 01:00:00,0.407,13.4,0
2026-04-04 02:00:00,0.406,14.5,0
2026-04-04 03:00:00,0.405,14.8,0
2026-04-04 04:00:00,0.404,15,0
2026-04-04 05:00:00,0.403,15.1,0
2026-04-04 06:00:00,0.402,15.2,0
2026-04-04 07:00:00,0.401,15.3,0
2026-04-04 08:00:00,0.4,15.1,0
2026-04-04 09:00:00,0.401,14.8,0
2026-04-04 10:00:00,0.401,14.4,0
2026-04-04 11:00:00,0.401,14.1,0
2026-04-04 12:00:00,0.401,13.8,0
2026-04-04 13:00:00,0.401,13.5,0
2026-04-04 14:00:00,0.401,13.3,0
2026-04-04 15:00:00,0.401,13.1,0
2026-04-04 16:00:00,0.401,12.8,0
2026-04-04 17:00:00,0.401,12.6,0
2026-04-04 18:00:00,0.401,12.4,0
2026-04-04 19:00:00,0.401,12.2,0
2026-04-04 20:00:00,0.401,12.1,0
2026-04-04 21:00:00,0.401,11.9,0
2026-04-04 22:00:00,0.402,11.8,0
2026-04-04 23:00:00,0.402,11.7,0
2026-04-05 00:00:00,0.399,11.8,0
2026-04-05 01:00:00,0.395,12,0
2026-04-05 02:00:00,0.394,12.5,0
2026-04-05 03:00:00,0.393,13.1,0
2026-04-05 04:00:00,0.391,13.9,0
2026-04-05 05:00:00,0.39,15,0
2026-04-05 06:00:00,0.389,16,0
2026-04-05 07:00:00,0.387,16.9,0
2026-04-05 08:00:00,0.386,17.2,0
2026-04-05 09:00:00,0.385,17,0
2026-04-05 10:00:00,0.386,16.4,0
2026-04-05 11:00:00,0.386,15.7,0
2026-04-05 12:00:00,0.386,15.1,0
2026-04-05 13:00:00,0.386,14.6,0
2026-04-05 14:00:00,0.386,14.3,0
2026-04-05 15:00:00,0.386,14.1,0
2026-04-05 16:00:00,0.385,13.9,0
2026-04-05 17:00:00,0.385,13.8,0
2026-04-05 18:00:00,0.385,13.6,0
2026-04-05 19:00:00,0.385,13.6,0
2026-04-05 20:00:00,0.385,13.5,0
2026-04-05 21:00:00,0.385,13.4,0
2026-04-05 22:00:00,0.385,13.4,1
2026-04-05 23:00:00,0.386,13.4,0
2026-04-06 00:00:00,0.386,13.6,0
2026-04-06 01:00:00,0.386,13.9,0
2026-04-06 02:00:00,0.386,14.1,0.5
2026-04-06 03:00:00,0.386,14.3,0
2026-04-06 04:00:00,0.386,14.4,1
2026-04-06 05:00:00,0.386,14.6,7
2026-04-06 06:00:00,0.386,14.6,0
2026-04-06 07:00:00,0.387,14.6,0.5
2026-04-06 08:00:00,0.388,14.5,0
2026-04-06 09:00:00,0.388,14.4,0
2026-04-06 10:00:00,0.388,14.2,0
2026-04-06 11:00:00,0.388,13.9,0
2026-04-06 12:00:00,0.388,13.6,0
2026-04-06 13:00:00,0.388,13.2,0
2026-04-06 14:00:00,0.389,12.8,0
2026-04-06 15:00:00,0.388,12.5,0
2026-04-06 16:00:00,0.389,12.1,0
2026-04-06 17:00:00,0.389,11.8,0
2026-04-06 18:00:00,0.389,11.4,0
2026-04-06 19:00:00,0.389,11.1,0
2026-04-06 20:00:00,0.389,10.8,0
2026-04-06 21:00:00,0.389,10.5,0
2026-04-06 22:00:00,0.39,10.2,0
2026-04-06 23:00:00,0.39,10,0
2026-04-07 00:00:00,0.389,10.1,0
2026-04-07 01:00:00,0.389,10.4,0
2026-04-07 02:00:00,0.388,10.9,0
2026-04-07 03:00:00,0.387,11.5,0
2026-04-07 04:00:00,0.386,12.3,0
2026-04-07 05:00:00,0.385,13.2,0
2026-04-07 06:00:00,0.384,14.1,0
2026-04-07 07:00:00,0.383,14.7,0
2026-04-07 08:00:00,0.382,14.9,0
2026-04-07 09:00:00,0.382,14.7,0
2026-04-07 10:00:00,0.382,14,0
2026-04-07 11:00:00,0.383,13.3,0
2026-04-07 12:00:00,0.383,12.6,0
2026-04-07 13:00:00,0.383,12,0
2026-04-07 14:00:00,0.384,11.5,0
2026-04-07 15:00:00,0.384,11,0
2026-04-07 16:00:00,0.384,10.6,0
2026-04-07 17:00:00,0.384,10.2,0
2026-04-07 18:00:00,0.384,9.8,0
2026-04-07 19:00:00,0.385,9.5,0
2026-04-07 20:00:00,0.385,9.2,0
2026-04-07 21:00:00,0.385,8.9,0
2026-04-07 22:00:00,0.385,8.6,0
2026-04-07 23:00:00,0.385,8.5,0
2026-04-08 00:00:00,0.385,8.6,0
2026-04-08 01:00:00,0.384,9.1,0
2026-04-08 02:00:00,0.383,9.8,0
2026-04-08 03:00:00,0.382,10.6,0
2026-04-08 04:00:00,0.381,11.7,0
2026-04-08 05:00:00,0.379,12.9,0
2026-04-08 06:00:00,0.378,14.1,0
2026-04-08 07:00:00,0.376,15,0
2026-04-08 08:00:00,0.375,15.4,0
2026-04-08 09:00:00,0.375,15.3,0
2026-04-08 10:00:00,0.375,14.8,0
2026-04-08 11:00:00,0.375,14.1,0
2026-04-08 12:00:00,0.375,13.5,0
2026-04-08 13:00:00,0.375,13,0
2026-04-08 14:00:00,0.375,12.6,0
2026-04-08 15:00:00,0.375,12.3,0
2026-04-08 16:00:00,0.374,12,0
2026-04-08 17:00:00,0.374,11.9,0
2026-04-08 18:00:00,0.374,11.8,0.5
2026-04-08 19:00:00,0.374,11.7,0.5
2026-04-08 20:00:00,0.374,11.6,0
2026-04-08 21:00:00,0.373,11.5,0.5
2026-04-08 22:00:00,0.373,11.5,0.5
2026-04-08 23:00:00,0.373,11.5,0
2026-04-09 00:00:00,0.373,11.6,1
2026-04-09 01:00:00,0.388,11.7,3
2026-04-09 02:00:00,0.413,12,1.5
2026-04-09 03:00:00,0.414,12.4,3.5
2026-04-09 04:00:00,0.415,12.8,2.5
2026-04-09 05:00:00,0.415,13.3,2
2026-04-09 06:00:00,0.415,13.6,4
2026-04-09 07:00:00,0.416,13.9,10
2026-04-09 08:00:00,0.416,14.1,2
2026-04-09 09:00:00,0.417,14,0
2026-04-09 10:00:00,0.418,13.9,0
2026-04-09 11:00:00,0.418,13.8,0
2026-04-09 12:00:00,0.418,13.8,0
2026-04-09 13:00:00,0.418,13.8,0
2026-04-09 14:00:00,0.418,13.7,0
2026-04-09 15:00:00,0.417,13.7,0
2026-04-09 16:00:00,0.417,13.7,0.5
2026-04-09 17:00:00,0.416,13.7,0
2026-04-09 18:00:00,0.416,13.6,0
2026-04-09 19:00:00,0.416,13.5,0
2026-04-09 20:00:00,0.415,13.5,0
2026-04-09 21:00:00,0.414,13.3,0
2026-04-09 22:00:00,0.414,13.2,0
2026-04-09 23:00:00,0.413,13.1,0
2026-04-10 00:00:00,0.413,13,0
2026-04-10 01:00:00,0.413,13.1,0
2026-04-10 02:00:00,0.413,13.1,0
2026-04-10 03:00:00,0.413,13.1,0
2026-04-10 04:00:00,0.413,13.3,0
2026-04-10 05:00:00,0.412,13.4,0
2026-04-10 06:00:00,0.412,13.4,0
2026-04-10 07:00:00,0.412,13.4,0
2026-04-10 08:00:00,0.412,13.3,0
2026-04-10 09:00:00,0.412,13.2,0
2026-04-10 10:00:00,0.412,13.1,0
2026-04-10 11:00:00,0.412,12.9,0
2026-04-10 12:00:00,0.411,12.8,0
2026-04-10 13:00:00,0.41,12.6,0
2026-04-10 14:00:00,0.41,12.5,0
2026-04-10 15:00:00,0.411,12.4,0
2026-04-10 16:00:00,0.411,12.3,0
2026-04-10 17:00:00,0.411,12.3,0
2026-04-10 18:00:00,0.411,12.2,0
2026-04-10 19:00:00,0.411,12.1,0
2026-04-10 20:00:00,0.404,12.1,0
2026-04-10 21:00:00,0.403,12,0
2026-04-10 22:00:00,0.403,12,0
2026-04-10 23:00:00,0.401,12,0
2026-04-11 00:00:00,0.399,12.1,0
2026-04-11 01:00:00,0.398,12.4,0
2026-04-11 02:00:00,0.396,12.9,0
2026-04-11 03:00:00,0.395,13.6,0
2026-04-11 04:00:00,0.393,14.4,0
2026-04-11 05:00:00,0.392,15.3,0
2026-04-11 06:00:00,0.391,16,0
2026-04-11 07:00:00,0.39,16.5,0
2026-04-11 08:00:00,0.39,16.7,0
2026-04-11 09:00:00,0.389,16.5,0
2026-04-11 10:00:00,0.388,16.2,0
2026-04-11 11:00:00,0.389,15.8,0
2026-04-11 12:00:00,0.389,15.4,0
2026-04-11 13:00:00,0.389,15.1,0
2026-04-11 14:00:00,0.389,14.7,0
2026-04-11 15:00:00,0.389,14.5,0
2026-04-11 16:00:00,0.389,14.2,0
2026-04-11 17:00:00,0.389,14.1,0
2026-04-11 18:00:00,0.389,14,0
2026-04-11 19:00:00,0.389,13.9,0
2026-04-11 20:00:00,0.389,13.7,0
2026-04-11 21:00:00,0.389,13.6,0
2026-04-11 22:00:00,0.389,13.5,0
2026-04-11 23:00:00,0.389,13.4,0
2026-04-12 00:00:00,0.388,13.5,0
2026-04-12 01:00:00,0.388,13.7,0
2026-04-12 02:00:00,0.387,14.2,0
2026-04-12 03:00:00,0.387,14.7,0
2026-04-12 04:00:00,0.386,15.1,0
2026-04-12 05:00:00,0.385,15.7,0
2026-04-12 06:00:00,0.384,16.2,0
2026-04-12 07:00:00,0.384,16.5,0
2026-04-12 08:00:00,0.383,16.6,0
2026-04-12 09:00:00,0.383,16.4,0
2026-04-12 10:00:00,0.384,16.2,0
2026-04-12 11:00:00,0.384,15.9,0
2026-04-12 12:00:00,0.384,15.6,0
2026-04-12 13:00:00,0.384,15.4,0
2026-04-12 14:00:00,0.384,15.2,0
2026-04-12 15:00:00,0.384,15,0
2026-04-12 16:00:00,0.384,14.8,0
2026-04-12 17:00:00,0.384,14.6,0
2026-04-12 18:00:00,0.384,14.4,0
2026-04-12 19:00:00,0.384,14.3,0
2026-04-12 20:00:00,0.384,14.1,0
2026-04-12 21:00:00,0.384,14,0
2026-04-12 22:00:00,0.384,13.8,0
2026-04-12 23:00:00,0.384,13.6,0
2026-04-13 00:00:00,0.384,13.8,0
2026-04-13 01:00:00,0.383,14.1,0
2026-04-13 02:00:00,0.382,14.7,0
2026-04-13 03:00:00,0.381,15.3,0
2026-04-13 04:00:00,0.38,16.1,0
2026-04-13 05:00:00,0.379,16.8,0
2026-04-13 06:00:00,0.379,17.2,0
2026-04-13 07:00:00,0.378,17.4,0
2026-04-13 08:00:00,0.378,17.3,0
2026-04-13 09:00:00,0.377,17.2,0
2026-04-13 10:00:00,0.377,16.9,0
2026-04-13 11:00:00,0.377,16.6,0
2026-04-13 12:00:00,0.377,16.3,0
2026-04-13 13:00:00,0.377,16,0
2026-04-13 14:00:00,0.377,15.7,0
2026-04-13 15:00:00,0.377,15.5,0
2026-04-13 16:00:00,0.377,15.3,0
2026-04-13 17:00:00,0.377,15.2,0
2026-04-13 18:00:00,0.377,15,0
2026-04-13 19:00:00,0.377,14.9,0
2026-04-13 20:00:00,0.377,14.7,0
2026-04-13 21:00:00,0.377,14.6,0
2026-04-13 22:00:00,0.377,14.5,0
2026-04-13 23:00:00,0.376,14.5,0
2026-04-14 00:00:00,0.376,14.6,0
2026-04-14 01:00:00,0.376,14.8,0
2026-04-14 02:00:00,0.376,15.1,0
2026-04-14 03:00:00,0.375,15.4,0
2026-04-14 04:00:00,0.375,15.6,0
2026-04-14 05:00:00,0.374,15.8,0
2026-04-14 06:00:00,0.374,16,0
2026-04-14 07:00:00,0.373,16.1,0
2026-04-14 08:00:00,0.373,16.2,0
2026-04-14 09:00:00,0.373,16.3,0
2026-04-14 10:00:00,0.372,16.2,0
2026-04-14 11:00:00,0.372,16.1,0
2026-04-14 12:00:00,0.372,15.9,0
2026-04-14 13:00:00,0.372,15.6,0
2026-04-14 14:00:00,0.372,15.3,0
2026-04-14 15:00:00,0.372,15,0
2026-04-14 16:00:00,0.372,14.7,0
2026-04-14 17:00:00,0.372,14.4,0
2026-04-14 18:00:00,0.372,14.1,0
2026-04-14 19:00:00,0.372,13.8,0
2026-04-14 20:00:00,0.372,13.5,0
2026-04-14 21:00:00,0.372,13.3,0
2026-04-14 22:00:00,0.372,13.1,0
2026-04-14 23:00:00,0.372,13.1,0
2026-04-15 00:00:00,0.372,13.3,0
2026-04-15 01:00:00,0.371,13.7,0
2026-04-15 02:00:00,0.37,14.3,0
2026-04-15 03:00:00,0.369,15.1,0
2026-04-15 04:00:00,0.368,16.1,0
2026-04-15 05:00:00,0.367,17,0
2026-04-15 06:00:00,0.366,17.9,0
2026-04-15 07:00:00,0.366,18.5,0
2026-04-15 08:00:00,0.365,18.8,0
2026-04-15 09:00:00,0.364,18.7,0
2026-04-15 10:00:00,0.364,18.2,0
2026-04-15 11:00:00,0.364,17.6,0
2026-04-15 12:00:00,0.364,16.9,0
2026-04-15 13:00:00,0.364,16.3,0
2026-04-15 14:00:00,0.364,15.8,0
